"videostatsid","ytvideoid","views","comments","likes","dislikes","timestamp"
"1","0GLbwkfhYZk","5722228","28229","185188","10860","2019-04-15 04:42:49"
"2","O4NB73HTlxI","3673770","31565","278477","4705","2019-04-15 04:42:50"
"3","VVRcXtSjPcE","253613","1025","4587","87","2019-04-15 04:42:51"
"4","adzYW5DZoWs","21567972","79208","478496","61703","2019-04-15 04:42:51"
"5","p_8yK2kmxoo","2385064","10703","133304","1323","2019-04-15 04:42:52"
"6","g7itQNVeFB4","557918","4100","19912","1087","2019-04-15 04:42:53"
"7","BJzJtm7OfdQ","730353","5548","54053","778","2019-04-15 04:42:53"
"8","qOkZiVlQHMs","687215","1503","16473","188","2019-04-15 04:42:53"
"9","I47_jCtfYlE","1233841","5023","15003","451","2019-04-15 04:42:54"
"10","5jDsPkPjVK4","527506","3267","23916","816","2019-04-15 04:42:54"
"11","C4_UntN6O2A","731316","2977","30370","401","2019-04-15 04:42:55"
"12","a5vg_Yi42Ok","1341328","3723","35909","1319","2019-04-15 04:42:55"
"13","CikXQvz57ZU","369360","738","8212","207","2019-04-15 04:42:56"
"14","2x8guH7hsgc","2111088","31733","37922","26318","2019-04-15 04:42:56"
"15","AFWIu243KY8","219876","461","1473","131","2019-04-15 04:42:57"
"16","h3P5Hrblbe0","222234","462","14369","42","2019-04-15 04:42:57"
"17","KMwuyXQcWfI","557522","993","6867","180","2019-04-15 04:42:58"
"18","AJKDh52Ehac","216046","1031","6680","140","2019-04-15 04:42:58"
"19","VSPuRXkUWoU","1501549","8788","229079","424","2019-04-15 04:42:59"
"20","u5jugGl_pu0","575055","3107","55205","131","2019-04-15 04:42:59"
"21","kOd19ljsklQ","2457543","10688","117004","965","2019-04-15 04:43:00"
"22","_aHE8lgalJU","169160","6242","20293","63","2019-04-15 04:43:00"
"23","04WYGo4rfdw","926734","2005","15095","557","2019-04-15 04:43:01"
"24","QuderoyWqII","6721811","40732","326302","10954","2019-04-15 04:43:01"
"25","zKfmiAYiC-M","1516348","4771","24578","1362","2019-04-15 04:43:02"
"26","6gfh2UfcJFw","349236","1457","18591","175","2019-04-15 04:43:02"
"27","nKh_yq627WM","528556","7485","47413","342","2019-04-15 04:43:03"
"28","XsX3ATc3FbA","127803220","2752278","8043764","334892","2019-04-15 04:43:03"
"29","mWkP7esvuiw","1063858","1776","14258","251","2019-04-15 04:43:04"
"30","zIG2yCvG3TI","296226","678","2135","194","2019-04-15 04:43:04"
"31","-9txATEWXTQ","7109397","36434","411965","12987","2019-04-15 04:43:05"
"32","DfggRtdOiTE","846868","2734","5189","204","2019-04-15 04:43:06"
"33","O8CCQopoCAE","538617","4393","40764","429","2019-04-15 04:43:06"
"34","t0t9dul8bOw","1198492","4567","27034","926","2019-04-15 04:43:07"
"35","pY8O7-mpdUk","1194972","3745","10624","1964","2019-04-15 04:43:08"
"36","BPExj-3kaAc","830611","7842","29559","430","2019-04-15 04:43:08"
"37","TW-kag5GG9s","629190","2811","22285","502","2019-04-15 04:43:09"
"38","zaWyIKas2Ww","234306","536","1397","50","2019-04-15 04:43:09"
"39","uv9kDcbJLi8","942589","2601","52995","990","2019-04-15 04:43:10"
"40","f2AuCmxtOSA","405625","2161","21229","334","2019-04-15 04:43:11"
"41","81UpjkAuHJM","343735","642","6082","271","2019-04-15 04:43:11"
"42","NJo8CjVpIEw","883470","2427","7906","1164","2019-04-15 04:43:12"
"43","NbhiGb_pZ-g","2244377","14616","123447","1866","2019-04-15 04:43:13"
"44","HkdPYRxYMdc","1442319","6351","56641","1849","2019-04-15 04:43:13"
"45","f5bJ5acwZtI","1979184","19061","210748","4144","2019-04-15 04:43:14"
"46","LLR0jg7Xu9M","619987","525","11957","156","2019-04-15 04:43:14"
"47","0flfyCjIh8M","953525","2546","20152","360","2019-04-15 04:43:14"
"48","QaZ93sibpk0","21360718","51602","546216","38158","2019-04-15 04:43:15"
"49","mQ2fJ_aM_T0","1227903","5775","53149","621","2019-04-15 04:43:15"
"50","26EivpCPHnQ","2853915","20940","130432","1313","2019-04-15 04:43:17"
"51","cKiX2rUB6sY","516477","3571","34980","1036","2019-04-15 04:43:17"
"52","IdzY6lcCiCM","701651","2835","24388","265","2019-04-15 04:43:18"
"53","MdVTBGEuxhM","898280","2064","31597","707","2019-04-15 04:43:18"
"54","bQ3gBKDa8RY","1290457","1891","34622","465","2019-04-15 04:43:19"
"55","_cdt2CLalhA","605278","1886","17618","3423","2019-04-15 04:43:19"
"56","SR5kfWXfxto","6982443","34409","224103","3459","2019-04-15 04:43:20"
"57","ZEWGyyLiqY4","797634","1588","20140","530","2019-04-15 04:43:20"
"58","OzUXonhJo3Y","1790734","4356","43477","1158","2019-04-15 04:43:21"
"59","QZsthdsh6yk","33774321","84252","706133","189049","2019-04-15 04:43:21"
"60","r7CWEE3ZAWs","5874963","25667","317076","12816","2019-04-15 04:43:22"
"61","YSJlU2q58Bc","5606637","6344","189147","2497","2019-04-15 04:43:22"
"62","550f3BEWEwQ","445887","517","5547","254","2019-04-15 04:43:23"
"63","YPZ1f52jlm8","381748","828","18745","223","2019-04-15 04:43:23"
"64","UoUeBLp5KlI","946023","3464","21383","834","2019-04-15 04:43:24"
"65","LKtajrJUggU","542735","1103","9597","297","2019-04-15 04:43:24"
"66","81UOofW82FY","9481130","15992","302086","2656","2019-04-15 04:43:25"
"67","T4Q0pElKWY0","3348926","17675","235352","1235","2019-04-15 04:43:25"
"68","8SGbIHoKewM","787501","1233","11645","516","2019-04-15 04:43:26"
"69","198gzllaumo","13668421","15375","293709","6096","2019-04-15 04:43:26"
"70","3_ZSwppz2ak","559756","2183","20229","407","2019-04-15 04:43:27"
"71","7TavVZMewpY","23743523","45728","489736","20624","2019-04-15 04:43:27"
"72","6cFAYjQw2CA","1838265","6671","29118","1094","2019-04-15 04:43:28"
"73","5HoE9Tn5oug","1452864","4901","91962","558","2019-04-15 04:43:28"
"74","Ms5yMta2p9A","2321325","7752","207857","1428","2019-04-15 04:43:29"
"75","-ze37NCz5oI","922982","6091","36485","296","2019-04-15 04:43:29"
"76","jjanTQjvkUM","395916","849","2848","229","2019-04-15 04:43:30"
"77","kQ1xE4sK9Qk","1052451","1482","22841","446","2019-04-15 04:43:30"
"78","iVn37ndpkIc","367641","1509","7524","165","2019-04-15 04:43:31"
"79","KUaVjms6yyY","4788674","14800","245769","4312","2019-04-15 04:43:31"
"80","RQOhAeNAjKc","889374","4103","38053","466","2019-04-15 04:43:32"
"81","Kb1a3OSVjXk","1698506","1391","39976","518","2019-04-15 04:43:32"
"82","nyU2mFp3ru0","190721","418","3122","102","2019-04-15 04:43:33"
"83","pAoEHR4aW8I","4907542","15988","133929","3787","2019-04-15 04:43:33"
"84","S_GVbuddri8","5124350","24185","212062","2659","2019-04-15 04:43:34"
"85","D3nT0piQDgA","1195757","5516","68363","3153","2019-04-15 04:43:34"
"86","29Uy9z0lzcw","1397982","7398","55101","2185","2019-04-15 04:43:35"
"87","15odjKT7MPA","790162","1393","6211","193","2019-04-15 04:43:36"
"88","u8tdT5pAE34","7223915","50141","532933","2837","2019-04-15 04:43:36"
"89","17A_wsy6WX0","2393251","17523","248611","7506","2019-04-15 04:43:37"
"90","W_VzAap2vl0","1209247","5956","14723","1331","2019-04-15 04:43:37"
"91","tV1S5mKN_b8","920089","4151","32461","1104","2019-04-15 04:43:38"
"92","HUsIcK1a4B0","5156223","11973","262279","2794","2019-04-15 04:43:38"
"93","z5MCMhXSdQM","639184","1378","4728","277","2019-04-15 04:43:39"
"94","AkK_n5Q8M38","1062156","3721","33983","1153","2019-04-15 04:43:39"
"95","LL2jKGvyC8Y","200732","763","1738","71","2019-04-15 04:43:40"
"96","m1MewpFNBdc","1918707","8831","181970","1557","2019-04-15 04:43:41"
"97","ECdQ6OV-rkU","2222317","4172","60132","525","2019-04-15 04:43:41"
"98","N2DdOs5OhxY","1100255","3999","49247","916","2019-04-15 04:43:42"
"99","zxVmyC5xqUE","421429","3120","10121","442","2019-04-15 04:43:42"
"100","0GLbwkfhYZk","5722228","28236","185230","10864","2019-04-15 04:44:33"
"101","O4NB73HTlxI","3689958","31565","278540","4711","2019-04-15 04:44:33"
"102","VVRcXtSjPcE","256473","1025","4593","87","2019-04-15 04:44:34"
"103","adzYW5DZoWs","21567972","79216","478526","61704","2019-04-15 04:44:34"
"104","p_8yK2kmxoo","2402553","10703","133344","1324","2019-04-15 04:44:35"
"105","g7itQNVeFB4","557918","4100","19914","1092","2019-04-15 04:44:36"
"106","BJzJtm7OfdQ","730353","5557","54089","779","2019-04-15 04:44:36"
"107","qOkZiVlQHMs","695015","1503","16486","189","2019-04-15 04:44:36"
"108","I47_jCtfYlE","1237604","5023","15003","451","2019-04-15 04:44:37"
"109","5jDsPkPjVK4","532024","3267","23931","816","2019-04-15 04:44:37"
"110","C4_UntN6O2A","731316","2992","30377","401","2019-04-15 04:44:38"
"111","a5vg_Yi42Ok","1348874","3723","35925","1320","2019-04-15 04:44:38"
"112","CikXQvz57ZU","369360","738","8214","208","2019-04-15 04:44:39"
"113","2x8guH7hsgc","2111088","31741","37925","26324","2019-04-15 04:44:39"
"114","AFWIu243KY8","219876","461","1473","131","2019-04-15 04:44:40"
"115","h3P5Hrblbe0","223795","462","14378","42","2019-04-15 04:44:40"
"116","VSPuRXkUWoU","1501549","8788","229180","424","2019-04-15 04:44:41"
"117","AJKDh52Ehac","216046","1031","6681","140","2019-04-15 04:44:42"
"118","KMwuyXQcWfI","557522","993","6867","180","2019-04-15 04:44:42"
"119","u5jugGl_pu0","575055","3107","55248","131","2019-04-15 04:44:42"
"120","kOd19ljsklQ","2461061","10688","117015","965","2019-04-15 04:44:43"
"121","_aHE8lgalJU","169160","6236","20297","63","2019-04-15 04:44:43"
"122","04WYGo4rfdw","928421","2005","15102","557","2019-04-15 04:44:44"
"123","QuderoyWqII","6721811","40732","326317","10956","2019-04-15 04:44:44"
"124","zKfmiAYiC-M","1521414","4771","24582","1362","2019-04-15 04:44:45"
"125","6gfh2UfcJFw","349236","1457","18595","175","2019-04-15 04:44:45"
"126","nKh_yq627WM","528556","7485","47420","343","2019-04-15 04:44:46"
"127","XsX3ATc3FbA","127803231","2752364","8044087","334923","2019-04-15 04:44:47"
"128","mWkP7esvuiw","1063859","1781","14261","251","2019-04-15 04:44:47"
"129","zIG2yCvG3TI","296226","678","2135","194","2019-04-15 04:44:47"
"130","-9txATEWXTQ","7109397","36434","411992","12987","2019-04-15 04:44:48"
"131","DfggRtdOiTE","846868","2734","5190","204","2019-04-15 04:44:48"
"132","t0t9dul8bOw","1198492","4567","27037","926","2019-04-15 04:44:49"
"133","O8CCQopoCAE","538617","4393","40765","429","2019-04-15 04:44:49"
"134","pY8O7-mpdUk","1194972","3745","10624","1964","2019-04-15 04:44:50"
"135","BPExj-3kaAc","830611","7842","29562","430","2019-04-15 04:44:50"
"136","TW-kag5GG9s","629190","2811","22285","502","2019-04-15 04:44:51"
"137","zaWyIKas2Ww","234859","536","1399","50","2019-04-15 04:44:51"
"138","uv9kDcbJLi8","942589","2601","53000","990","2019-04-15 04:44:52"
"139","f2AuCmxtOSA","406272","2161","21231","334","2019-04-15 04:44:52"
"140","81UpjkAuHJM","343735","642","6082","271","2019-04-15 04:44:52"
"141","NJo8CjVpIEw","883470","2427","7907","1164","2019-04-15 04:44:53"
"142","NbhiGb_pZ-g","2244377","14616","123451","1866","2019-04-15 04:44:53"
"143","HkdPYRxYMdc","1442319","6351","56644","1849","2019-04-15 04:44:54"
"144","f5bJ5acwZtI","1979184","19061","210774","4148","2019-04-15 04:44:54"
"145","LLR0jg7Xu9M","621678","525","11958","156","2019-04-15 04:44:55"
"146","0flfyCjIh8M","953525","2546","20152","360","2019-04-15 04:44:55"
"147","QaZ93sibpk0","21373679","51602","546231","38161","2019-04-15 04:44:56"
"148","mQ2fJ_aM_T0","1227903","5775","53155","621","2019-04-15 04:44:56"
"149","26EivpCPHnQ","2853915","20940","130436","1313","2019-04-15 04:44:57"
"150","cKiX2rUB6sY","516477","3571","34984","1036","2019-04-15 04:44:58"
"151","IdzY6lcCiCM","702068","2835","24388","265","2019-04-15 04:44:58"
"152","MdVTBGEuxhM","899322","2064","31600","707","2019-04-15 04:44:59"
"153","bQ3gBKDa8RY","1290853","1891","34628","465","2019-04-15 04:44:59"
"154","_cdt2CLalhA","605533","1886","17618","3423","2019-04-15 04:45:00"
"155","SR5kfWXfxto","6982443","34409","224110","3460","2019-04-15 04:45:00"
"156","ZEWGyyLiqY4","798843","1588","20140","530","2019-04-15 04:45:01"
"157","OzUXonhJo3Y","1790734","4356","43477","1158","2019-04-15 04:45:01"
"158","QZsthdsh6yk","33823540","84252","706217","189071","2019-04-15 04:45:02"
"159","r7CWEE3ZAWs","5874963","25672","317109","12820","2019-04-15 04:45:02"
"160","YSJlU2q58Bc","5614236","6344","189159","2497","2019-04-15 04:45:03"
"161","550f3BEWEwQ","445887","517","5547","254","2019-04-15 04:45:03"
"162","YPZ1f52jlm8","382107","828","18745","223","2019-04-15 04:45:04"
"163","UoUeBLp5KlI","946023","3464","21383","834","2019-04-15 04:45:04"
"164","LKtajrJUggU","542811","1103","9597","297","2019-04-15 04:45:05"
"165","81UOofW82FY","9481130","15992","302094","2656","2019-04-15 04:45:05"
"166","T4Q0pElKWY0","3348926","17675","235357","1235","2019-04-15 04:45:06"
"167","8SGbIHoKewM","787501","1233","11645","516","2019-04-15 04:45:06"
"168","198gzllaumo","13668422","15375","293720","6096","2019-04-15 04:45:07"
"169","3_ZSwppz2ak","559756","2183","20229","407","2019-04-15 04:45:07"
"170","7TavVZMewpY","23746266","45728","489741","20624","2019-04-15 04:45:07"
"171","6cFAYjQw2CA","1838265","6680","29122","1094","2019-04-15 04:45:08"
"172","5HoE9Tn5oug","1452864","4901","91966","558","2019-04-15 04:45:08"
"173","Ms5yMta2p9A","2321325","7752","207859","1428","2019-04-15 04:45:09"
"174","-ze37NCz5oI","922982","6091","36486","296","2019-04-15 04:45:09"
"175","jjanTQjvkUM","395916","849","2848","229","2019-04-15 04:45:10"
"176","kQ1xE4sK9Qk","1053327","1482","22842","446","2019-04-15 04:45:10"
"177","iVn37ndpkIc","367641","1509","7524","165","2019-04-15 04:45:11"
"178","KUaVjms6yyY","4788674","14806","245778","4315","2019-04-15 04:45:12"
"179","RQOhAeNAjKc","889374","4103","38053","466","2019-04-15 04:45:12"
"180","Kb1a3OSVjXk","1699092","1391","39976","518","2019-04-15 04:45:13"
"181","nyU2mFp3ru0","190766","418","3122","102","2019-04-15 04:45:13"
"182","pAoEHR4aW8I","4908491","15988","133929","3787","2019-04-15 04:45:14"
"183","S_GVbuddri8","5124350","24193","212065","2659","2019-04-15 04:45:14"
"184","D3nT0piQDgA","1197439","5516","68366","3153","2019-04-15 04:45:15"
"185","29Uy9z0lzcw","1398343","7398","55101","2185","2019-04-15 04:45:15"
"186","15odjKT7MPA","790243","1393","6211","193","2019-04-15 04:45:16"
"187","u8tdT5pAE34","7229731","50141","532943","2837","2019-04-15 04:45:16"
"188","17A_wsy6WX0","2395009","17523","248616","7506","2019-04-15 04:45:17"
"189","W_VzAap2vl0","1209247","5956","14724","1331","2019-04-15 04:45:17"
"190","tV1S5mKN_b8","920089","4151","32461","1104","2019-04-15 04:45:18"
"191","HUsIcK1a4B0","5158828","11973","262289","2794","2019-04-15 04:45:18"
"192","z5MCMhXSdQM","639184","1378","4728","277","2019-04-15 04:45:19"
"193","AkK_n5Q8M38","1062534","3721","33983","1153","2019-04-15 04:45:19"
"194","LL2jKGvyC8Y","200732","763","1738","71","2019-04-15 04:45:20"
"195","m1MewpFNBdc","1919046","8831","181971","1557","2019-04-15 04:45:20"
"196","ECdQ6OV-rkU","2222840","4172","60132","525","2019-04-15 04:45:21"
"197","N2DdOs5OhxY","1100255","3999","49247","916","2019-04-15 04:45:21"
"198","zxVmyC5xqUE","421429","3120","10121","442","2019-04-15 04:45:22"
"199","0GLbwkfhYZk","5744250","28261","185550","10899","2019-04-15 05:00:02"
"200","O4NB73HTlxI","3712582","31684","279172","4736","2019-04-15 05:00:03"
"201","VVRcXtSjPcE","259816","1025","4617","87","2019-04-15 05:00:03"
"202","adzYW5DZoWs","21596828","79258","478741","61742","2019-04-15 05:00:04"
"203","p_8yK2kmxoo","2419643","10747","133797","1328","2019-04-15 05:00:05"
"204","g7itQNVeFB4","562600","4110","19958","1105","2019-04-15 05:00:05"
"205","BJzJtm7OfdQ","739925","5571","54372","783","2019-04-15 05:00:06"
"206","qOkZiVlQHMs","704419","1515","16602","191","2019-04-15 05:00:06"
"207","I47_jCtfYlE","1241267","5030","15021","453","2019-04-15 05:00:07"
"208","5jDsPkPjVK4","537090","3279","24026","820","2019-04-15 05:00:07"
"209","C4_UntN6O2A","735331","2992","30453","402","2019-04-15 05:00:08"
"210","a5vg_Yi42Ok","1356193","3735","36025","1324","2019-04-15 05:00:08"
"211","CikXQvz57ZU","373289","738","8251","210","2019-04-15 05:00:09"
"212","2x8guH7hsgc","2118422","31786","37962","26386","2019-04-15 05:00:09"
"213","AFWIu243KY8","221509","461","1477","131","2019-04-15 05:00:10"
"214","h3P5Hrblbe0","225144","462","14460","44","2019-04-15 05:00:10"
"215","VSPuRXkUWoU","1509846","8820","230251","427","2019-04-15 05:00:11"
"216","AJKDh52Ehac","217258","1031","6689","141","2019-04-15 05:00:11"
"217","KMwuyXQcWfI","559203","993","6873","181","2019-04-15 05:00:11"
"218","u5jugGl_pu0","579302","3131","55605","133","2019-04-15 05:00:12"
"219","kOd19ljsklQ","2464905","10688","117096","967","2019-04-15 05:00:12"
"220","_aHE8lgalJU","169935","6236","20321","63","2019-04-15 05:00:13"
"221","04WYGo4rfdw","930658","2005","15130","558","2019-04-15 05:00:13"
"222","QuderoyWqII","6729720","40753","326451","10963","2019-04-15 05:00:14"
"223","zKfmiAYiC-M","1527776","4771","24642","1365","2019-04-15 05:00:14"
"224","6gfh2UfcJFw","352528","1462","18674","175","2019-04-15 05:00:15"
"225","nKh_yq627WM","532040","7508","47541","346","2019-04-15 05:00:15"
"226","XsX3ATc3FbA","127992630","2752418","8047028","335316","2019-04-15 05:00:16"
"227","mWkP7esvuiw","1068723","1781","14282","254","2019-04-15 05:00:16"
"228","zIG2yCvG3TI","297507","678","2136","195","2019-04-15 05:00:16"
"229","-9txATEWXTQ","7115594","36450","412147","12999","2019-04-15 05:00:17"
"230","DfggRtdOiTE","849783","2734","5196","204","2019-04-15 05:00:17"
"231","t0t9dul8bOw","1201820","4567","27078","927","2019-04-15 05:00:18"
"232","O8CCQopoCAE","540188","4393","40810","429","2019-04-15 05:00:18"
"233","pY8O7-mpdUk","1198758","3745","10634","1969","2019-04-15 05:00:19"
"234","BPExj-3kaAc","833431","7842","29592","433","2019-04-15 05:00:19"
"235","TW-kag5GG9s","631450","2811","22310","503","2019-04-15 05:00:20"
"236","zaWyIKas2Ww","235459","536","1402","50","2019-04-15 05:00:20"
"237","uv9kDcbJLi8","945267","2601","53036","990","2019-04-15 05:00:21"
"238","f2AuCmxtOSA","407023","2161","21236","335","2019-04-15 05:00:21"
"239","81UpjkAuHJM","344542","642","6088","272","2019-04-15 05:00:22"
"240","NJo8CjVpIEw","885151","2427","7915","1166","2019-04-15 05:00:22"
"241","NbhiGb_pZ-g","2246304","14616","123504","1867","2019-04-15 05:00:23"
"242","HkdPYRxYMdc","1444190","6359","56667","1850","2019-04-15 05:00:23"
"243","f5bJ5acwZtI","1983231","18975","210988","4155","2019-04-15 05:00:24"
"244","LLR0jg7Xu9M","623665","525","11971","156","2019-04-15 05:00:25"
"245","0flfyCjIh8M","955348","2552","20160","360","2019-04-15 05:00:25"
"246","QaZ93sibpk0","21384575","51618","546377","38171","2019-04-15 05:00:25"
"247","mQ2fJ_aM_T0","1231279","5775","53207","623","2019-04-15 05:00:26"
"248","26EivpCPHnQ","2855645","20964","130473","1313","2019-04-15 05:00:27"
"249","cKiX2rUB6sY","517077","3571","35013","1036","2019-04-15 05:00:28"
"250","IdzY6lcCiCM","702463","2835","24390","266","2019-04-15 05:00:28"
"251","MdVTBGEuxhM","900285","2064","31628","707","2019-04-15 05:00:28"
"252","bQ3gBKDa8RY","1292991","1891","34658","466","2019-04-15 05:00:29"
"253","_cdt2CLalhA","605847","1886","17627","3425","2019-04-15 05:00:29"
"254","SR5kfWXfxto","6987936","34416","224170","3461","2019-04-15 05:00:30"
"255","ZEWGyyLiqY4","799639","1588","20148","531","2019-04-15 05:00:31"
"256","OzUXonhJo3Y","1791251","4356","43477","1158","2019-04-15 05:00:31"
"257","QZsthdsh6yk","33883743","84308","707068","189253","2019-04-15 05:00:32"
"258","r7CWEE3ZAWs","5887755","25681","317398","12834","2019-04-15 05:00:32"
"259","YSJlU2q58Bc","5621690","6344","189227","2502","2019-04-15 05:00:32"
"260","550f3BEWEwQ","445965","517","5547","254","2019-04-15 05:00:33"
"261","YPZ1f52jlm8","382547","828","18751","223","2019-04-15 05:00:33"
"262","UoUeBLp5KlI","946831","3464","21391","835","2019-04-15 05:00:34"
"263","LKtajrJUggU","542917","1103","9598","297","2019-04-15 05:00:34"
"264","81UOofW82FY","9486806","15992","302164","2659","2019-04-15 05:00:35"
"265","T4Q0pElKWY0","3350538","17675","235380","1236","2019-04-15 05:00:36"
"266","8SGbIHoKewM","787763","1233","11645","516","2019-04-15 05:00:36"
"267","198gzllaumo","13682855","15383","293803","6101","2019-04-15 05:00:37"
"268","3_ZSwppz2ak","560057","2183","20230","407","2019-04-15 05:00:38"
"269","7TavVZMewpY","23755552","45722","489821","20625","2019-04-15 05:00:38"
"270","6cFAYjQw2CA","1841407","6686","29166","1095","2019-04-15 05:00:39"
"271","5HoE9Tn5oug","1454559","4901","92007","558","2019-04-15 05:00:39"
"272","Ms5yMta2p9A","2323617","7752","207875","1428","2019-04-15 05:00:40"
"273","-ze37NCz5oI","923486","6091","36490","296","2019-04-15 05:00:41"
"274","jjanTQjvkUM","396014","849","2848","229","2019-04-15 05:00:41"
"275","kQ1xE4sK9Qk","1054632","1482","22855","446","2019-04-15 05:00:42"
"276","iVn37ndpkIc","367977","1510","7527","165","2019-04-15 05:00:42"
"277","KUaVjms6yyY","4795127","14806","245893","4317","2019-04-15 05:00:43"
"278","RQOhAeNAjKc","889918","4103","38068","467","2019-04-15 05:00:43"
"279","Kb1a3OSVjXk","1699490","1398","39983","518","2019-04-15 05:00:44"
"280","nyU2mFp3ru0","190815","418","3123","102","2019-04-15 05:00:44"
"281","pAoEHR4aW8I","4909464","15988","133939","3787","2019-04-15 05:00:44"
"282","S_GVbuddri8","5126082","24201","212088","2660","2019-04-15 05:00:45"
"283","D3nT0piQDgA","1198975","5516","68405","3155","2019-04-15 05:00:45"
"284","29Uy9z0lzcw","1398742","7398","55105","2186","2019-04-15 05:00:46"
"285","15odjKT7MPA","790342","1393","6211","193","2019-04-15 05:00:46"
"286","u8tdT5pAE34","7237071","50143","533114","2839","2019-04-15 05:00:47"
"287","17A_wsy6WX0","2397123","17530","248686","7511","2019-04-15 05:00:48"
"288","W_VzAap2vl0","1209640","5956","14727","1331","2019-04-15 05:00:48"
"289","tV1S5mKN_b8","920151","4151","32462","1104","2019-04-15 05:00:49"
"290","HUsIcK1a4B0","5161488","11979","262345","2795","2019-04-15 05:00:49"
"291","z5MCMhXSdQM","639526","1378","4729","277","2019-04-15 05:00:50"
"292","AkK_n5Q8M38","1062944","3721","33997","1155","2019-04-15 05:00:50"
"293","LL2jKGvyC8Y","200765","763","1738","71","2019-04-15 05:00:51"
"294","m1MewpFNBdc","1919378","8831","181992","1557","2019-04-15 05:00:52"
"295","ECdQ6OV-rkU","2223227","4172","60146","525","2019-04-15 05:00:52"
"296","N2DdOs5OhxY","1100596","3999","49254","916","2019-04-15 05:00:53"
"297","zxVmyC5xqUE","421828","3121","10128","442","2019-04-15 05:00:53"
"298","0GLbwkfhYZk","5762402","28274","185869","10930","2019-04-15 05:15:03"
"299","O4NB73HTlxI","3736071","31744","279779","4761","2019-04-15 05:15:04"
"300","VVRcXtSjPcE","263277","1037","4644","87","2019-04-15 05:15:04"
"301","adzYW5DZoWs","21624713","79298","478966","61784","2019-04-15 05:15:05"
"302","p_8yK2kmxoo","2439130","10745","134268","1337","2019-04-15 05:15:05"
"303","g7itQNVeFB4","563650","4123","20006","1116","2019-04-15 05:15:06"
"304","BJzJtm7OfdQ","746721","5586","54643","789","2019-04-15 05:15:07"
"305","qOkZiVlQHMs","713107","1521","16701","193","2019-04-15 05:15:07"
"306","I47_jCtfYlE","1245322","5030","15030","454","2019-04-15 05:15:08"
"307","5jDsPkPjVK4","542298","3320","24118","829","2019-04-15 05:15:08"
"308","C4_UntN6O2A","737564","2992","30515","404","2019-04-15 05:15:09"
"309","a5vg_Yi42Ok","1366007","3740","36134","1334","2019-04-15 05:15:09"
"310","CikXQvz57ZU","374025","738","8281","210","2019-04-15 05:15:10"
"311","2x8guH7hsgc","2120824","31808","37988","26444","2019-04-15 05:15:10"
"312","AFWIu243KY8","221712","461","1479","131","2019-04-15 05:15:11"
"313","h3P5Hrblbe0","227255","462","14536","44","2019-04-15 05:15:11"
"314","VSPuRXkUWoU","1514823","8844","231291","432","2019-04-15 05:15:12"
"315","AJKDh52Ehac","217497","1040","6705","141","2019-04-15 05:15:12"
"316","KMwuyXQcWfI","559789","993","6877","181","2019-04-15 05:15:13"
"317","u5jugGl_pu0","581036","3145","55899","134","2019-04-15 05:15:13"
"318","kOd19ljsklQ","2469234","10696","117181","969","2019-04-15 05:15:14"
"319","_aHE8lgalJU","170274","6243","20353","63","2019-04-15 05:15:14"
"320","04WYGo4rfdw","932805","2005","15147","558","2019-04-15 05:15:15"
"321","QuderoyWqII","6736399","40762","326575","10970","2019-04-15 05:15:15"
"322","zKfmiAYiC-M","1535404","4784","24691","1368","2019-04-15 05:15:16"
"323","6gfh2UfcJFw","353015","1462","18733","175","2019-04-15 05:15:16"
"324","nKh_yq627WM","534664","7519","47661","348","2019-04-15 05:15:17"
"325","XsX3ATc3FbA","128172143","2753147","8049865","335682","2019-04-15 05:15:17"
"326","mWkP7esvuiw","1073600","1781","14296","254","2019-04-15 05:15:18"
"327","zIG2yCvG3TI","297747","678","2139","195","2019-04-15 05:15:18"
"328","-9txATEWXTQ","7118513","36443","412309","13006","2019-04-15 05:15:19"
"329","DfggRtdOiTE","850891","2734","5206","205","2019-04-15 05:15:19"
"330","t0t9dul8bOw","1203695","4562","27113","931","2019-04-15 05:15:20"
"331","O8CCQopoCAE","540415","4398","40846","429","2019-04-15 05:15:20"
"332","pY8O7-mpdUk","1199546","3751","10646","1971","2019-04-15 05:15:20"
"333","BPExj-3kaAc","834204","7842","29632","433","2019-04-15 05:15:21"
"334","TW-kag5GG9s","633482","2811","22327","503","2019-04-15 05:15:21"
"335","zaWyIKas2Ww","236091","536","1404","50","2019-04-15 05:15:22"
"336","uv9kDcbJLi8","946295","2601","53078","991","2019-04-15 05:15:22"
"337","f2AuCmxtOSA","407873","2161","21251","336","2019-04-15 05:15:22"
"338","81UpjkAuHJM","345196","642","6093","272","2019-04-15 05:15:23"
"339","NJo8CjVpIEw","886783","2427","7918","1167","2019-04-15 05:15:23"
"340","NbhiGb_pZ-g","2247831","14628","123557","1867","2019-04-15 05:15:24"
"341","HkdPYRxYMdc","1444599","6359","56684","1851","2019-04-15 05:15:24"
"342","f5bJ5acwZtI","1984678","19076","211237","4169","2019-04-15 05:15:25"
"343","LLR0jg7Xu9M","625806","525","11985","156","2019-04-15 05:15:25"
"344","0flfyCjIh8M","956520","2552","20165","360","2019-04-15 05:15:26"
"345","QaZ93sibpk0","21401564","51630","546511","38188","2019-04-15 05:15:26"
"346","mQ2fJ_aM_T0","1231751","5775","53251","623","2019-04-15 05:15:27"
"347","26EivpCPHnQ","2858364","20983","130508","1313","2019-04-15 05:15:28"
"348","cKiX2rUB6sY","517531","3576","35040","1037","2019-04-15 05:15:29"
"349","IdzY6lcCiCM","702937","2835","24393","266","2019-04-15 05:15:29"
"350","MdVTBGEuxhM","901690","2070","31657","707","2019-04-15 05:15:30"
"351","bQ3gBKDa8RY","1295397","1891","34694","466","2019-04-15 05:15:30"
"352","_cdt2CLalhA","606227","1886","17632","3426","2019-04-15 05:15:30"
"353","SR5kfWXfxto","6993345","34448","224262","3460","2019-04-15 05:15:31"
"354","ZEWGyyLiqY4","801156","1595","20157","531","2019-04-15 05:15:31"
"355","OzUXonhJo3Y","1791649","4356","43481","1158","2019-04-15 05:15:32"
"356","QZsthdsh6yk","33954143","84370","707896","189434","2019-04-15 05:15:33"
"357","r7CWEE3ZAWs","5901578","25681","317686","12838","2019-04-15 05:15:33"
"358","YSJlU2q58Bc","5629090","6350","189298","2505","2019-04-15 05:15:34"
"359","550f3BEWEwQ","445981","517","5547","254","2019-04-15 05:15:34"
"360","YPZ1f52jlm8","383029","828","18761","223","2019-04-15 05:15:35"
"361","UoUeBLp5KlI","946996","3464","21397","835","2019-04-15 05:15:35"
"362","LKtajrJUggU","543006","1103","9598","297","2019-04-15 05:15:36"
"363","81UOofW82FY","9488526","16001","302241","2659","2019-04-15 05:15:36"
"364","T4Q0pElKWY0","3351418","17675","235415","1237","2019-04-15 05:15:37"
"365","8SGbIHoKewM","787874","1233","11645","516","2019-04-15 05:15:37"
"366","198gzllaumo","13695947","15390","293868","6105","2019-04-15 05:15:38"
"367","3_ZSwppz2ak","560118","2183","20234","407","2019-04-15 05:15:38"
"368","7TavVZMewpY","23766048","45722","489878","20627","2019-04-15 05:15:39"
"369","6cFAYjQw2CA","1843963","6693","29195","1097","2019-04-15 05:15:39"
"370","5HoE9Tn5oug","1454911","4901","92033","558","2019-04-15 05:15:40"
"371","Ms5yMta2p9A","2324214","7752","207895","1429","2019-04-15 05:15:40"
"372","-ze37NCz5oI","923787","6091","36492","296","2019-04-15 05:15:41"
"373","jjanTQjvkUM","396146","849","2848","229","2019-04-15 05:15:41"
"374","kQ1xE4sK9Qk","1055683","1482","22866","447","2019-04-15 05:15:42"
"375","iVn37ndpkIc","368249","1510","7532","165","2019-04-15 05:15:42"
"376","KUaVjms6yyY","4798792","14805","245981","4320","2019-04-15 05:15:43"
"377","RQOhAeNAjKc","890087","4103","38072","467","2019-04-15 05:15:43"
"378","Kb1a3OSVjXk","1700147","1398","39994","518","2019-04-15 05:15:44"
"379","nyU2mFp3ru0","190861","418","3124","102","2019-04-15 05:15:44"
"380","pAoEHR4aW8I","4910517","15980","133946","3787","2019-04-15 05:15:45"
"381","S_GVbuddri8","5127079","24208","212104","2660","2019-04-15 05:15:45"
"382","D3nT0piQDgA","1201073","5521","68448","3157","2019-04-15 05:15:46"
"383","29Uy9z0lzcw","1399054","7398","55109","2186","2019-04-15 05:15:46"
"384","15odjKT7MPA","790418","1393","6211","193","2019-04-15 05:15:47"
"385","u8tdT5pAE34","7245772","50179","533281","2843","2019-04-15 05:15:47"
"386","17A_wsy6WX0","2399443","17536","248728","7513","2019-04-15 05:15:48"
"387","W_VzAap2vl0","1209909","5956","14729","1331","2019-04-15 05:15:48"
"388","tV1S5mKN_b8","920180","4151","32464","1104","2019-04-15 05:15:49"
"389","HUsIcK1a4B0","5164320","11979","262405","2796","2019-04-15 05:15:49"
"390","z5MCMhXSdQM","639633","1378","4729","277","2019-04-15 05:15:50"
"391","AkK_n5Q8M38","1063410","3721","34004","1155","2019-04-15 05:15:50"
"392","LL2jKGvyC8Y","200784","763","1738","71","2019-04-15 05:15:51"
"393","m1MewpFNBdc","1919719","8831","182014","1557","2019-04-15 05:15:52"
"394","ECdQ6OV-rkU","2223847","4172","60153","525","2019-04-15 05:15:52"
"395","N2DdOs5OhxY","1100910","3999","49257","916","2019-04-15 05:15:52"
"396","zxVmyC5xqUE","422180","3121","10129","442","2019-04-15 05:15:53"
"397","0GLbwkfhYZk","5800842","28304","186194","10968","2019-04-15 05:30:02"
"398","O4NB73HTlxI","3767804","31840","280380","4794","2019-04-15 05:30:03"
"399","VVRcXtSjPcE","267685","1037","4668","88","2019-04-15 05:30:03"
"400","adzYW5DZoWs","21656534","79363","479156","61817","2019-04-15 05:30:04"
"401","p_8yK2kmxoo","2467824","10764","134736","1352","2019-04-15 05:30:05"
"402","g7itQNVeFB4","572512","4135","20051","1124","2019-04-15 05:30:05"
"403","BJzJtm7OfdQ","758164","5590","54924","794","2019-04-15 05:30:05"
"404","qOkZiVlQHMs","726221","1527","16809","194","2019-04-15 05:30:06"
"405","I47_jCtfYlE","1250394","5030","15042","455","2019-04-15 05:30:06"
"406","5jDsPkPjVK4","549426","3336","24229","838","2019-04-15 05:30:07"
"407","C4_UntN6O2A","746002","2992","30564","407","2019-04-15 05:30:07"
"408","a5vg_Yi42Ok","1375982","3740","36233","1340","2019-04-15 05:30:08"
"409","CikXQvz57ZU","382359","738","8318","211","2019-04-15 05:30:08"
"410","2x8guH7hsgc","2132802","31814","38025","26504","2019-04-15 05:30:09"
"411","AFWIu243KY8","224307","461","1479","131","2019-04-15 05:30:09"
"412","h3P5Hrblbe0","230374","462","14612","45","2019-04-15 05:30:10"
"413","VSPuRXkUWoU","1536587","8851","232411","435","2019-04-15 05:30:10"
"414","AJKDh52Ehac","220787","1046","6718","142","2019-04-15 05:30:11"
"415","KMwuyXQcWfI","562696","993","6881","182","2019-04-15 05:30:11"
"416","u5jugGl_pu0","593933","3174","56195","135","2019-04-15 05:30:12"
"417","kOd19ljsklQ","2475043","10703","117249","970","2019-04-15 05:30:12"
"418","_aHE8lgalJU","171857","6258","20389","63","2019-04-15 05:30:13"
"419","04WYGo4rfdw","935859","2005","15168","559","2019-04-15 05:30:13"
"420","QuderoyWqII","6748015","40775","326706","10974","2019-04-15 05:30:14"
"421","zKfmiAYiC-M","1545787","4798","24754","1368","2019-04-15 05:30:14"
"422","6gfh2UfcJFw","359974","1462","18813","176","2019-04-15 05:30:15"
"423","nKh_yq627WM","538802","7538","47792","349","2019-04-15 05:30:16"
"424","XsX3ATc3FbA","128465144","2754355","8052683","336052","2019-04-15 05:30:16"
"425","mWkP7esvuiw","1080224","1787","14326","254","2019-04-15 05:30:17"
"426","zIG2yCvG3TI","299858","678","2141","195","2019-04-15 05:30:17"
"427","-9txATEWXTQ","7131543","36471","412477","13015","2019-04-15 05:30:18"
"428","DfggRtdOiTE","857584","2741","5221","205","2019-04-15 05:30:18"
"429","t0t9dul8bOw","1210267","4556","27160","935","2019-04-15 05:30:19"
"430","O8CCQopoCAE","543692","4398","40888","430","2019-04-15 05:30:19"
"431","pY8O7-mpdUk","1206501","3751","10660","1978","2019-04-15 05:30:20"
"432","BPExj-3kaAc","838882","7863","29662","434","2019-04-15 05:30:21"
"433","TW-kag5GG9s","637335","2845","22360","503","2019-04-15 05:30:21"
"434","zaWyIKas2Ww","237063","536","1405","50","2019-04-15 05:30:21"
"435","uv9kDcbJLi8","951059","2601","53122","991","2019-04-15 05:30:22"
"436","f2AuCmxtOSA","408801","2161","21266","336","2019-04-15 05:30:22"
"437","81UpjkAuHJM","346306","642","6099","273","2019-04-15 05:30:23"
"438","NJo8CjVpIEw","889432","2433","7924","1169","2019-04-15 05:30:23"
"439","NbhiGb_pZ-g","2251065","14628","123606","1869","2019-04-15 05:30:24"
"440","HkdPYRxYMdc","1448185","6359","56699","1852","2019-04-15 05:30:24"
"441","f5bJ5acwZtI","1994964","19083","211438","4185","2019-04-15 05:30:24"
"442","LLR0jg7Xu9M","628662","525","11999","156","2019-04-15 05:30:25"
"443","0flfyCjIh8M","957970","2552","20171","360","2019-04-15 05:30:25"
"444","QaZ93sibpk0","21421732","51630","546653","38199","2019-04-15 05:30:26"
"445","mQ2fJ_aM_T0","1239148","5775","53297","624","2019-04-15 05:30:26"
"446","26EivpCPHnQ","2861782","20988","130544","1314","2019-04-15 05:30:28"
"447","cKiX2rUB6sY","518768","3576","35070","1038","2019-04-15 05:30:28"
"448","IdzY6lcCiCM","703555","2835","24396","266","2019-04-15 05:30:29"
"449","MdVTBGEuxhM","903877","2070","31685","707","2019-04-15 05:30:29"
"450","bQ3gBKDa8RY","1298533","1891","34719","468","2019-04-15 05:30:29"
"451","_cdt2CLalhA","606686","1886","17637","3427","2019-04-15 05:30:30"
"452","SR5kfWXfxto","7001773","34457","224320","3461","2019-04-15 05:30:30"
"453","ZEWGyyLiqY4","802711","1595","20171","532","2019-04-15 05:30:31"
"454","OzUXonhJo3Y","1792157","4356","43483","1158","2019-04-15 05:30:31"
"455","QZsthdsh6yk","34061261","84438","708712","189632","2019-04-15 05:30:32"
"456","r7CWEE3ZAWs","5917609","25697","317958","12857","2019-04-15 05:30:32"
"457","YSJlU2q58Bc","5641186","6350","189366","2507","2019-04-15 05:30:33"
"458","550f3BEWEwQ","446129","517","5547","254","2019-04-15 05:30:33"
"459","YPZ1f52jlm8","383850","828","18770","223","2019-04-15 05:30:33"
"460","UoUeBLp5KlI","948569","3464","21401","835","2019-04-15 05:30:34"
"461","LKtajrJUggU","543088","1103","9598","297","2019-04-15 05:30:34"
"462","81UOofW82FY","9503479","16015","302321","2662","2019-04-15 05:30:35"
"463","T4Q0pElKWY0","3354252","17682","235456","1236","2019-04-15 05:30:35"
"464","8SGbIHoKewM","788351","1232","11646","516","2019-04-15 05:30:36"
"465","198gzllaumo","13717936","15396","293958","6111","2019-04-15 05:30:37"
"466","3_ZSwppz2ak","560883","2183","20236","408","2019-04-15 05:30:38"
"467","7TavVZMewpY","23778026","45722","489946","20633","2019-04-15 05:30:38"
"468","6cFAYjQw2CA","1849059","6693","29222","1098","2019-04-15 05:30:39"
"469","5HoE9Tn5oug","1458105","4901","92062","559","2019-04-15 05:30:39"
"470","Ms5yMta2p9A","2327593","7752","207919","1430","2019-04-15 05:30:40"
"471","-ze37NCz5oI","924346","6091","36500","296","2019-04-15 05:30:40"
"472","jjanTQjvkUM","396301","849","2848","229","2019-04-15 05:30:41"
"473","kQ1xE4sK9Qk","1057676","1482","22874","449","2019-04-15 05:30:41"
"474","iVn37ndpkIc","368699","1510","7535","165","2019-04-15 05:30:42"
"475","KUaVjms6yyY","4809856","14805","246077","4327","2019-04-15 05:30:42"
"476","RQOhAeNAjKc","891300","4103","38083","467","2019-04-15 05:30:43"
"477","Kb1a3OSVjXk","1700879","1398","40002","518","2019-04-15 05:30:43"
"478","nyU2mFp3ru0","190921","418","3124","102","2019-04-15 05:30:44"
"479","pAoEHR4aW8I","4912259","15987","133960","3787","2019-04-15 05:30:44"
"480","S_GVbuddri8","5130345","24208","212136","2661","2019-04-15 05:30:45"
"481","D3nT0piQDgA","1203630","5521","68485","3159","2019-04-15 05:30:45"
"482","29Uy9z0lzcw","1399549","7398","55110","2186","2019-04-15 05:30:45"
"483","15odjKT7MPA","790518","1393","6211","193","2019-04-15 05:30:46"
"484","u8tdT5pAE34","7256361","50180","533423","2846","2019-04-15 05:30:46"
"485","17A_wsy6WX0","2402599","17536","248775","7516","2019-04-15 05:30:47"
"486","W_VzAap2vl0","1210489","5956","14733","1331","2019-04-15 05:30:47"
"487","tV1S5mKN_b8","920361","4158","32464","1105","2019-04-15 05:30:48"
"488","HUsIcK1a4B0","5168230","11979","262475","2796","2019-04-15 05:30:48"
"489","z5MCMhXSdQM","640195","1378","4729","277","2019-04-15 05:30:48"
"490","AkK_n5Q8M38","1064215","3721","34010","1156","2019-04-15 05:30:49"
"491","LL2jKGvyC8Y","200824","763","1738","71","2019-04-15 05:30:49"
"492","m1MewpFNBdc","1920290","8831","182030","1557","2019-04-15 05:30:50"
"493","ECdQ6OV-rkU","2224761","4180","60158","525","2019-04-15 05:30:51"
"494","N2DdOs5OhxY","1101391","3999","49262","916","2019-04-15 05:30:51"
"495","zxVmyC5xqUE","422569","3121","10130","444","2019-04-15 05:30:51"
"496","0GLbwkfhYZk","5822620","28336","186497","11011","2019-04-15 05:45:02"
"497","O4NB73HTlxI","3790937","31929","280986","4809","2019-04-15 05:45:02"
"498","VVRcXtSjPcE","271694","1043","4681","88","2019-04-15 05:45:03"
"499","adzYW5DZoWs","21693235","79386","479398","61865","2019-04-15 05:45:04"
"500","p_8yK2kmxoo","2490495","10783","135219","1360","2019-04-15 05:45:05"
"501","g7itQNVeFB4","574795","4135","20093","1139","2019-04-15 05:45:05"
"502","BJzJtm7OfdQ","766628","5605","55209","800","2019-04-15 05:45:06"
"503","qOkZiVlQHMs","734650","1536","16907","196","2019-04-15 05:45:06"
"504","I47_jCtfYlE","1254043","5030","15065","456","2019-04-15 05:45:07"
"505","5jDsPkPjVK4","554060","3357","24346","842","2019-04-15 05:45:08"
"506","C4_UntN6O2A","749913","2992","30628","408","2019-04-15 05:45:08"
"507","a5vg_Yi42Ok","1387623","3746","36352","1349","2019-04-15 05:45:09"
"508","CikXQvz57ZU","384966","738","8350","215","2019-04-15 05:45:09"
"509","h3P5Hrblbe0","233276","462","14681","45","2019-04-15 05:45:10"
"510","2x8guH7hsgc","2136710","31841","38054","26557","2019-04-15 05:45:10"
"511","VSPuRXkUWoU","1545434","8859","233466","438","2019-04-15 05:45:11"
"512","AJKDh52Ehac","221837","1046","6736","143","2019-04-15 05:45:12"
"513","KMwuyXQcWfI","563572","993","6885","184","2019-04-15 05:45:12"
"514","AFWIu243KY8","224998","461","1483","131","2019-04-15 05:45:13"
"515","u5jugGl_pu0","599903","3179","56496","136","2019-04-15 05:45:13"
"516","kOd19ljsklQ","2479135","10708","117312","970","2019-04-15 05:45:14"
"517","_aHE8lgalJU","172509","6273","20419","64","2019-04-15 05:45:14"
"518","04WYGo4rfdw","938481","2005","15182","560","2019-04-15 05:45:15"
"519","zKfmiAYiC-M","1553367","4806","24810","1369","2019-04-15 05:45:16"
"520","QuderoyWqII","6754037","40789","326810","10978","2019-04-15 05:45:16"
"521","6gfh2UfcJFw","362335","1462","18881","176","2019-04-15 05:45:17"
"522","nKh_yq627WM","541574","7538","47906","351","2019-04-15 05:45:17"
"523","XsX3ATc3FbA","128648267","2755022","8055656","336404","2019-04-15 05:45:19"
"524","mWkP7esvuiw","1084932","1780","14350","254","2019-04-15 05:45:19"
"525","zIG2yCvG3TI","300394","678","2141","196","2019-04-15 05:45:20"
"526","-9txATEWXTQ","7136490","36476","412613","13020","2019-04-15 05:45:20"
"527","DfggRtdOiTE","859688","2741","5232","205","2019-04-15 05:45:21"
"528","t0t9dul8bOw","1212555","4565","27219","935","2019-04-15 05:45:21"
"529","O8CCQopoCAE","544589","4398","40929","432","2019-04-15 05:45:22"
"530","pY8O7-mpdUk","1209623","3751","10668","1981","2019-04-15 05:45:22"
"531","BPExj-3kaAc","840421","7868","29701","434","2019-04-15 05:45:23"
"532","TW-kag5GG9s","639311","2845","22381","506","2019-04-15 05:45:23"
"533","zaWyIKas2Ww","237682","536","1408","50","2019-04-15 05:45:24"
"534","uv9kDcbJLi8","952694","2601","53160","991","2019-04-15 05:45:24"
"535","f2AuCmxtOSA","409619","2161","21273","337","2019-04-15 05:45:25"
"536","81UpjkAuHJM","346944","642","6101","273","2019-04-15 05:45:25"
"537","NJo8CjVpIEw","890978","2433","7929","1172","2019-04-15 05:45:25"
"538","NbhiGb_pZ-g","2252698","14628","123660","1871","2019-04-15 05:45:26"
"539","HkdPYRxYMdc","1449161","6364","56712","1854","2019-04-15 05:45:26"
"540","f5bJ5acwZtI","1998728","19093","211672","4202","2019-04-15 05:45:27"
"541","LLR0jg7Xu9M","630608","525","12011","157","2019-04-15 05:45:27"
"542","0flfyCjIh8M","959352","2552","20174","360","2019-04-15 05:45:28"
"543","QaZ93sibpk0","21441062","51645","546796","38215","2019-04-15 05:45:28"
"544","mQ2fJ_aM_T0","1241333","5775","53339","627","2019-04-15 05:45:28"
"545","26EivpCPHnQ","2864341","21013","130586","1315","2019-04-15 05:45:30"
"546","cKiX2rUB6sY","519364","3576","35093","1038","2019-04-15 05:45:30"
"547","IdzY6lcCiCM","703969","2835","24400","266","2019-04-15 05:45:31"
"548","MdVTBGEuxhM","905790","2070","31713","707","2019-04-15 05:45:31"
"549","bQ3gBKDa8RY","1300774","1891","34759","468","2019-04-15 05:45:31"
"550","_cdt2CLalhA","607133","1886","17642","3427","2019-04-15 05:45:32"
"551","SR5kfWXfxto","7007049","34462","224400","3461","2019-04-15 05:45:33"
"552","ZEWGyyLiqY4","804347","1595","20187","532","2019-04-15 05:45:34"
"553","OzUXonhJo3Y","1792625","4356","43486","1158","2019-04-15 05:45:34"
"554","QZsthdsh6yk","34144526","84478","709503","189799","2019-04-15 05:45:35"
"555","r7CWEE3ZAWs","5933685","25704","318233","12869","2019-04-15 05:45:35"
"556","YSJlU2q58Bc","5649706","6357","189453","2508","2019-04-15 05:45:36"
"557","550f3BEWEwQ","446175","517","5548","254","2019-04-15 05:45:36"
"558","YPZ1f52jlm8","384497","828","18776","223","2019-04-15 05:45:37"
"559","UoUeBLp5KlI","949045","3464","21405","835","2019-04-15 05:45:37"
"560","LKtajrJUggU","543214","1103","9597","297","2019-04-15 05:45:38"
"561","81UOofW82FY","9508854","16015","302402","2663","2019-04-15 05:45:38"
"562","T4Q0pElKWY0","3355348","17682","235474","1236","2019-04-15 05:45:39"
"563","8SGbIHoKewM","788510","1232","11646","516","2019-04-15 05:45:39"
"564","198gzllaumo","13732313","15418","294037","6118","2019-04-15 05:45:39"
"565","3_ZSwppz2ak","561088","2183","20242","409","2019-04-15 05:45:40"
"566","7TavVZMewpY","23792721","45729","490027","20639","2019-04-15 05:45:40"
"567","6cFAYjQw2CA","1851645","6693","29256","1100","2019-04-15 05:45:41"
"568","5HoE9Tn5oug","1458876","4901","92100","559","2019-04-15 05:45:41"
"569","Ms5yMta2p9A","2328478","7752","207938","1430","2019-04-15 05:45:42"
"570","-ze37NCz5oI","924629","6091","36502","296","2019-04-15 05:45:42"
"571","jjanTQjvkUM","396405","849","2848","230","2019-04-15 05:45:43"
"572","kQ1xE4sK9Qk","1058827","1482","22887","452","2019-04-15 05:45:43"
"573","iVn37ndpkIc","369038","1510","7537","165","2019-04-15 05:45:43"
"574","KUaVjms6yyY","4818764","14811","246181","4328","2019-04-15 05:45:44"
"575","RQOhAeNAjKc","891711","4103","38092","467","2019-04-15 05:45:44"
"576","Kb1a3OSVjXk","1701614","1398","40012","519","2019-04-15 05:45:45"
"577","nyU2mFp3ru0","190973","418","3125","102","2019-04-15 05:45:45"
"578","pAoEHR4aW8I","4913555","15987","133967","3787","2019-04-15 05:45:46"
"579","S_GVbuddri8","5131875","24215","212155","2662","2019-04-15 05:45:46"
"580","D3nT0piQDgA","1206025","5521","68523","3159","2019-04-15 05:45:46"
"581","29Uy9z0lzcw","1399810","7398","55119","2187","2019-04-15 05:45:47"
"582","15odjKT7MPA","790575","1393","6212","193","2019-04-15 05:45:47"
"583","u8tdT5pAE34","7266847","50194","533592","2846","2019-04-15 05:45:48"
"584","17A_wsy6WX0","2405400","17536","248814","7519","2019-04-15 05:45:48"
"585","W_VzAap2vl0","1210794","5956","14740","1332","2019-04-15 05:45:49"
"586","tV1S5mKN_b8","920411","4158","32466","1105","2019-04-15 05:45:49"
"587","HUsIcK1a4B0","5170881","11979","262549","2796","2019-04-15 05:45:50"
"588","z5MCMhXSdQM","640431","1378","4729","277","2019-04-15 05:45:50"
"589","AkK_n5Q8M38","1064940","3721","34012","1155","2019-04-15 05:45:50"
"590","LL2jKGvyC8Y","200841","763","1739","71","2019-04-15 05:45:51"
"591","m1MewpFNBdc","1920766","8831","182047","1557","2019-04-15 05:45:51"
"592","ECdQ6OV-rkU","2225588","4188","60172","525","2019-04-15 05:45:52"
"593","N2DdOs5OhxY","1101652","3999","49264","916","2019-04-15 05:45:52"
"594","zxVmyC5xqUE","423001","3121","10134","444","2019-04-15 05:45:52"
"595","0GLbwkfhYZk","5857360","28354","186783","11045","2019-04-15 06:00:02"
"596","O4NB73HTlxI","3824050","31958","281596","4829","2019-04-15 06:00:03"
"597","VVRcXtSjPcE","274637","1043","4702","89","2019-04-15 06:00:03"
"598","adzYW5DZoWs","21718631","79399","479626","61921","2019-04-15 06:00:03"
"599","p_8yK2kmxoo","2519031","10795","135651","1370","2019-04-15 06:00:04"
"600","g7itQNVeFB4","580793","4135","20126","1150","2019-04-15 06:00:05"
"601","BJzJtm7OfdQ","775884","5638","55503","805","2019-04-15 06:00:05"
"602","qOkZiVlQHMs","747737","1554","17012","197","2019-04-15 06:00:06"
"603","I47_jCtfYlE","1259086","5030","15078","456","2019-04-15 06:00:06"
"604","5jDsPkPjVK4","562185","3362","24468","850","2019-04-15 06:00:07"
"605","C4_UntN6O2A","755813","2992","30697","408","2019-04-15 06:00:08"
"606","a5vg_Yi42Ok","1396018","3764","36462","1359","2019-04-15 06:00:08"
"607","CikXQvz57ZU","389331","738","8408","216","2019-04-15 06:00:09"
"608","h3P5Hrblbe0","236013","462","14738","45","2019-04-15 06:00:09"
"609","2x8guH7hsgc","2145303","31860","38079","26611","2019-04-15 06:00:10"
"610","VSPuRXkUWoU","1563014","8881","234551","443","2019-04-15 06:00:10"
"611","AJKDh52Ehac","223664","1046","6751","144","2019-04-15 06:00:11"
"612","KMwuyXQcWfI","565376","1002","6891","185","2019-04-15 06:00:11"
"613","AFWIu243KY8","226396","461","1486","131","2019-04-15 06:00:12"
"614","u5jugGl_pu0","609784","3190","56814","137","2019-04-15 06:00:12"
"615","kOd19ljsklQ","2484840","10713","117392","972","2019-04-15 06:00:13"
"616","_aHE8lgalJU","173724","6280","20459","67","2019-04-15 06:00:13"
"617","04WYGo4rfdw","941809","2005","15208","563","2019-04-15 06:00:14"
"618","zKfmiAYiC-M","1564323","4806","24868","1369","2019-04-15 06:00:14"
"619","QuderoyWqII","6766079","40814","326949","10981","2019-04-15 06:00:15"
"620","6gfh2UfcJFw","366244","1462","18948","178","2019-04-15 06:00:15"
"621","nKh_yq627WM","545610","7566","48028","354","2019-04-15 06:00:16"
"622","XsX3ATc3FbA","128998215","2756002","8058622","336768","2019-04-15 06:00:16"
"623","mWkP7esvuiw","1092066","1780","14374","254","2019-04-15 06:00:17"
"624","zIG2yCvG3TI","301582","678","2141","196","2019-04-15 06:00:17"
"625","-9txATEWXTQ","7145660","36504","412767","13027","2019-04-15 06:00:18"
"626","DfggRtdOiTE","864140","2741","5244","205","2019-04-15 06:00:18"
"627","t0t9dul8bOw","1217417","4585","27276","937","2019-04-15 06:00:19"
"628","O8CCQopoCAE","546437","4398","40990","432","2019-04-15 06:00:19"
"629","pY8O7-mpdUk","1213193","3751","10683","1983","2019-04-15 06:00:20"
"630","BPExj-3kaAc","843544","7873","29744","434","2019-04-15 06:00:20"
"631","TW-kag5GG9s","643057","2845","22404","508","2019-04-15 06:00:21"
"632","zaWyIKas2Ww","238604","536","1408","50","2019-04-15 06:00:21"
"633","uv9kDcbJLi8","955619","2601","53198","993","2019-04-15 06:00:22"
"634","f2AuCmxtOSA","410609","2161","21292","338","2019-04-15 06:00:22"
"635","81UpjkAuHJM","347938","642","6106","273","2019-04-15 06:00:23"
"636","NJo8CjVpIEw","893779","2433","7933","1178","2019-04-15 06:00:23"
"637","NbhiGb_pZ-g","2255831","14628","123708","1873","2019-04-15 06:00:23"
"638","HkdPYRxYMdc","1451240","6364","56729","1855","2019-04-15 06:00:24"
"639","f5bJ5acwZtI","2007175","19113","211902","4223","2019-04-15 06:00:25"
"640","LLR0jg7Xu9M","633053","525","12030","157","2019-04-15 06:00:25"
"641","0flfyCjIh8M","960271","2552","20179","360","2019-04-15 06:00:25"
"642","QaZ93sibpk0","21458762","51663","546945","38232","2019-04-15 06:00:26"
"643","mQ2fJ_aM_T0","1245593","5783","53382","627","2019-04-15 06:00:26"
"644","26EivpCPHnQ","2868278","21020","130622","1316","2019-04-15 06:00:28"
"645","cKiX2rUB6sY","520407","3576","35124","1040","2019-04-15 06:00:28"
"646","IdzY6lcCiCM","704582","2835","24406","266","2019-04-15 06:00:29"
"647","MdVTBGEuxhM","907489","2070","31736","708","2019-04-15 06:00:29"
"648","bQ3gBKDa8RY","1304148","1891","34784","468","2019-04-15 06:00:30"
"649","_cdt2CLalhA","607535","1886","17644","3427","2019-04-15 06:00:30"
"650","SR5kfWXfxto","7016542","34478","224459","3464","2019-04-15 06:00:31"
"651","ZEWGyyLiqY4","805688","1595","20200","532","2019-04-15 06:00:31"
"652","OzUXonhJo3Y","1792992","4356","43487","1158","2019-04-15 06:00:32"
"653","QZsthdsh6yk","34262532","84535","710305","189979","2019-04-15 06:00:33"
"654","r7CWEE3ZAWs","5949579","25711","318491","12877","2019-04-15 06:00:33"
"655","YSJlU2q58Bc","5659827","6364","189540","2508","2019-04-15 06:00:34"
"656","550f3BEWEwQ","446290","517","5548","254","2019-04-15 06:00:35"
"657","YPZ1f52jlm8","385096","828","18784","223","2019-04-15 06:00:35"
"658","UoUeBLp5KlI","949882","3464","21409","835","2019-04-15 06:00:36"
"659","LKtajrJUggU","543295","1103","9597","297","2019-04-15 06:00:37"
"660","81UOofW82FY","9518559","16015","302478","2663","2019-04-15 06:00:37"
"661","T4Q0pElKWY0","3357597","17682","235508","1237","2019-04-15 06:00:38"
"662","8SGbIHoKewM","788799","1233","11647","516","2019-04-15 06:00:38"
"663","198gzllaumo","13755061","15427","294119","6121","2019-04-15 06:00:39"
"664","3_ZSwppz2ak","561528","2183","20242","410","2019-04-15 06:00:39"
"665","7TavVZMewpY","23803709","45736","490110","20644","2019-04-15 06:00:39"
"666","6cFAYjQw2CA","1857028","6693","29290","1104","2019-04-15 06:00:40"
"667","5HoE9Tn5oug","1460916","4901","92133","559","2019-04-15 06:00:41"
"668","Ms5yMta2p9A","2330108","7752","207953","1430","2019-04-15 06:00:41"
"669","-ze37NCz5oI","925126","6091","36504","296","2019-04-15 06:00:41"
"670","jjanTQjvkUM","396553","849","2848","230","2019-04-15 06:00:42"
"671","kQ1xE4sK9Qk","1060651","1482","22898","452","2019-04-15 06:00:43"
"672","iVn37ndpkIc","369351","1510","7539","165","2019-04-15 06:00:43"
"673","KUaVjms6yyY","4825952","14811","246304","4334","2019-04-15 06:00:43"
"674","RQOhAeNAjKc","892553","4103","38102","467","2019-04-15 06:00:44"
"675","Kb1a3OSVjXk","1702336","1398","40019","519","2019-04-15 06:00:44"
"676","nyU2mFp3ru0","191025","418","3125","102","2019-04-15 06:00:45"
"677","pAoEHR4aW8I","4915063","15996","133978","3788","2019-04-15 06:00:45"
"678","S_GVbuddri8","5134632","24215","212166","2662","2019-04-15 06:00:46"
"679","D3nT0piQDgA","1208305","5537","68558","3162","2019-04-15 06:00:47"
"680","29Uy9z0lzcw","1400235","7405","55124","2187","2019-04-15 06:00:47"
"681","15odjKT7MPA","790659","1393","6212","193","2019-04-15 06:00:48"
"682","u8tdT5pAE34","7279062","50213","533762","2849","2019-04-15 06:00:48"
"683","17A_wsy6WX0","2408346","17545","248865","7522","2019-04-15 06:00:49"
"684","W_VzAap2vl0","1211291","5956","14741","1332","2019-04-15 06:00:49"
"685","tV1S5mKN_b8","920516","4158","32467","1105","2019-04-15 06:00:50"
"686","HUsIcK1a4B0","5174292","11979","262628","2797","2019-04-15 06:00:50"
"687","z5MCMhXSdQM","640902","1378","4730","277","2019-04-15 06:00:51"
"688","AkK_n5Q8M38","1065714","3721","34022","1157","2019-04-15 06:00:52"
"689","LL2jKGvyC8Y","200866","763","1739","71","2019-04-15 06:00:52"
"690","m1MewpFNBdc","1921276","8831","182066","1557","2019-04-15 06:00:53"
"691","ECdQ6OV-rkU","2226312","4188","60182","525","2019-04-15 06:00:53"
"692","N2DdOs5OhxY","1102078","3999","49267","916","2019-04-15 06:00:54"
"693","zxVmyC5xqUE","423323","3121","10137","444","2019-04-15 06:00:54"
"694","0GLbwkfhYZk","5890895","28390","187082","11088","2019-04-15 06:15:02"
"695","O4NB73HTlxI","3855778","32001","282185","4851","2019-04-15 06:15:03"
"696","VVRcXtSjPcE","277491","1057","4721","90","2019-04-15 06:15:04"
"697","adzYW5DZoWs","21754787","79438","479862","61975","2019-04-15 06:15:04"
"698","p_8yK2kmxoo","2543062","10819","136137","1378","2019-04-15 06:15:05"
"699","g7itQNVeFB4","585489","4150","20181","1165","2019-04-15 06:15:06"
"700","BJzJtm7OfdQ","784643","5669","55775","811","2019-04-15 06:15:06"
"701","qOkZiVlQHMs","760003","1554","17116","199","2019-04-15 06:15:07"
"702","I47_jCtfYlE","1263676","5030","15101","456","2019-04-15 06:15:08"
"703","5jDsPkPjVK4","567409","3377","24569","852","2019-04-15 06:15:08"
"704","C4_UntN6O2A","761608","2992","30753","409","2019-04-15 06:15:09"
"705","a5vg_Yi42Ok","1407553","3769","36566","1368","2019-04-15 06:15:09"
"706","CikXQvz57ZU","394693","745","8448","217","2019-04-15 06:15:10"
"707","h3P5Hrblbe0","239036","469","14810","46","2019-04-15 06:15:11"
"708","VSPuRXkUWoU","1580040","8922","235709","445","2019-04-15 06:15:11"
"709","AJKDh52Ehac","225826","1052","6760","145","2019-04-15 06:15:12"
"710","2x8guH7hsgc","2153605","31867","38105","26664","2019-04-15 06:15:12"
"711","KMwuyXQcWfI","567022","1002","6900","185","2019-04-15 06:15:13"
"712","AFWIu243KY8","227684","461","1487","133","2019-04-15 06:15:13"
"713","u5jugGl_pu0","620779","3226","57105","139","2019-04-15 06:15:14"
"714","kOd19ljsklQ","2489174","10713","117471","972","2019-04-15 06:15:14"
"715","_aHE8lgalJU","175040","6280","20497","67","2019-04-15 06:15:15"
"716","zKfmiAYiC-M","1576465","4813","24922","1369","2019-04-15 06:15:16"
"717","04WYGo4rfdw","944970","2005","15227","565","2019-04-15 06:15:16"
"718","6gfh2UfcJFw","370894","1462","19026","178","2019-04-15 06:15:17"
"719","QuderoyWqII","6774243","40838","327087","10985","2019-04-15 06:15:17"
"720","nKh_yq627WM","548495","7566","48129","354","2019-04-15 06:15:18"
"721","XsX3ATc3FbA","129275457","2756988","8061540","337115","2019-04-15 06:15:18"
"722","mWkP7esvuiw","1097057","1780","14399","254","2019-04-15 06:15:19"
"723","zIG2yCvG3TI","302839","678","2144","196","2019-04-15 06:15:19"
"724","-9txATEWXTQ","7154379","36511","412917","13034","2019-04-15 06:15:20"
"725","DfggRtdOiTE","868684","2741","5269","205","2019-04-15 06:15:20"
"726","t0t9dul8bOw","1222040","4591","27330","940","2019-04-15 06:15:20"
"727","O8CCQopoCAE","548625","4398","41040","432","2019-04-15 06:15:21"
"728","pY8O7-mpdUk","1218014","3760","10691","1986","2019-04-15 06:15:21"
"729","BPExj-3kaAc","846301","7873","29782","437","2019-04-15 06:15:22"
"730","TW-kag5GG9s","645528","2845","22427","511","2019-04-15 06:15:23"
"731","zaWyIKas2Ww","239408","536","1408","50","2019-04-15 06:15:23"
"732","uv9kDcbJLi8","958250","2601","53239","993","2019-04-15 06:15:24"
"733","f2AuCmxtOSA","411563","2161","21309","338","2019-04-15 06:15:24"
"734","81UpjkAuHJM","348766","642","6110","274","2019-04-15 06:15:25"
"735","NJo8CjVpIEw","895503","2433","7938","1179","2019-04-15 06:15:25"
"736","NbhiGb_pZ-g","2258150","14628","123763","1874","2019-04-15 06:15:26"
"737","HkdPYRxYMdc","1453204","6372","56747","1858","2019-04-15 06:15:26"
"738","f5bJ5acwZtI","2017437","19143","212106","4234","2019-04-15 06:15:27"
"739","LLR0jg7Xu9M","635134","525","12051","157","2019-04-15 06:15:27"
"740","0flfyCjIh8M","961423","2552","20182","360","2019-04-15 06:15:28"
"741","QaZ93sibpk0","21478893","51669","547084","38256","2019-04-15 06:15:28"
"742","mQ2fJ_aM_T0","1250210","5788","53415","628","2019-04-15 06:15:28"
"743","26EivpCPHnQ","2871650","21020","130652","1315","2019-04-15 06:15:30"
"744","cKiX2rUB6sY","521187","3576","35151","1041","2019-04-15 06:15:30"
"745","IdzY6lcCiCM","704990","2835","24410","266","2019-04-15 06:15:31"
"746","MdVTBGEuxhM","909019","2070","31773","708","2019-04-15 06:15:31"
"747","bQ3gBKDa8RY","1306666","1891","34822","468","2019-04-15 06:15:32"
"748","_cdt2CLalhA","608058","1886","17653","3427","2019-04-15 06:15:32"
"749","SR5kfWXfxto","7023582","34478","224533","3465","2019-04-15 06:15:33"
"750","ZEWGyyLiqY4","807540","1595","20210","533","2019-04-15 06:15:33"
"751","OzUXonhJo3Y","1793373","4364","43492","1158","2019-04-15 06:15:34"
"752","QZsthdsh6yk","34363517","84603","711117","190168","2019-04-15 06:15:34"
"753","r7CWEE3ZAWs","5965831","25711","318779","12882","2019-04-15 06:15:35"
"754","YSJlU2q58Bc","5669568","6369","189618","2511","2019-04-15 06:15:35"
"755","550f3BEWEwQ","446385","517","5548","254","2019-04-15 06:15:36"
"756","YPZ1f52jlm8","385618","828","18800","223","2019-04-15 06:15:36"
"757","UoUeBLp5KlI","950782","3464","21413","835","2019-04-15 06:15:37"
"758","LKtajrJUggU","543398","1103","9598","297","2019-04-15 06:15:38"
"759","81UOofW82FY","9531871","16015","302554","2666","2019-04-15 06:15:38"
"760","T4Q0pElKWY0","3359235","17682","235539","1237","2019-04-15 06:15:39"
"761","8SGbIHoKewM","789086","1233","11647","516","2019-04-15 06:15:39"
"762","198gzllaumo","13778584","15427","294207","6127","2019-04-15 06:15:40"
"763","3_ZSwppz2ak","562001","2183","20244","411","2019-04-15 06:15:40"
"764","7TavVZMewpY","23818826","45736","490189","20651","2019-04-15 06:15:41"
"765","6cFAYjQw2CA","1861175","6699","29328","1105","2019-04-15 06:15:41"
"766","5HoE9Tn5oug","1462684","4910","92162","559","2019-04-15 06:15:42"
"767","Ms5yMta2p9A","2332203","7752","207977","1430","2019-04-15 06:15:42"
"768","-ze37NCz5oI","925407","6091","36507","296","2019-04-15 06:15:43"
"769","jjanTQjvkUM","396692","849","2849","230","2019-04-15 06:15:43"
"770","kQ1xE4sK9Qk","1062065","1482","22906","453","2019-04-15 06:15:44"
"771","iVn37ndpkIc","369641","1510","7540","165","2019-04-15 06:15:44"
"772","KUaVjms6yyY","4836276","14811","246426","4338","2019-04-15 06:15:44"
"773","RQOhAeNAjKc","893196","4103","38112","467","2019-04-15 06:15:45"
"774","Kb1a3OSVjXk","1703075","1398","40026","519","2019-04-15 06:15:45"
"775","nyU2mFp3ru0","191062","418","3125","102","2019-04-15 06:15:46"
"776","pAoEHR4aW8I","4916363","15996","133986","3788","2019-04-15 06:15:47"
"777","S_GVbuddri8","5137548","24232","212188","2662","2019-04-15 06:15:47"
"778","D3nT0piQDgA","1210197","5537","68609","3166","2019-04-15 06:15:48"
"779","29Uy9z0lzcw","1400517","7405","55128","2187","2019-04-15 06:15:48"
"780","15odjKT7MPA","790719","1393","6212","193","2019-04-15 06:15:48"
"781","u8tdT5pAE34","7293450","50234","533906","2852","2019-04-15 06:15:49"
"782","17A_wsy6WX0","2411091","17550","248915","7524","2019-04-15 06:15:49"
"783","W_VzAap2vl0","1211731","5956","14742","1332","2019-04-15 06:15:50"
"784","tV1S5mKN_b8","920643","4158","32470","1105","2019-04-15 06:15:50"
"785","HUsIcK1a4B0","5177156","11984","262700","2797","2019-04-15 06:15:51"
"786","z5MCMhXSdQM","641377","1378","4731","277","2019-04-15 06:15:51"
"787","AkK_n5Q8M38","1066432","3721","34030","1157","2019-04-15 06:15:52"
"788","LL2jKGvyC8Y","200886","763","1739","71","2019-04-15 06:15:52"
"789","m1MewpFNBdc","1921714","8836","182081","1557","2019-04-15 06:15:53"
"790","ECdQ6OV-rkU","2226963","4188","60188","525","2019-04-15 06:15:53"
"791","N2DdOs5OhxY","1102370","3999","49272","916","2019-04-15 06:15:54"
"792","zxVmyC5xqUE","423673","3126","10141","444","2019-04-15 06:15:54"
"793","0GLbwkfhYZk","5895989","28432","187404","11122","2019-04-15 06:30:02"
"794","O4NB73HTlxI","3861599","32036","282808","4872","2019-04-15 06:30:02"
"795","VVRcXtSjPcE","277998","1070","4740","92","2019-04-15 06:30:03"
"796","adzYW5DZoWs","21762455","79457","480130","62018","2019-04-15 06:30:03"
"797","p_8yK2kmxoo","2548601","10864","136602","1386","2019-04-15 06:30:04"
"798","g7itQNVeFB4","585652","4150","20232","1179","2019-04-15 06:30:05"
"799","BJzJtm7OfdQ","787015","5703","56060","821","2019-04-15 06:30:05"
"800","qOkZiVlQHMs","762439","1559","17235","203","2019-04-15 06:30:06"
"801","I47_jCtfYlE","1264486","5036","15108","456","2019-04-15 06:30:06"
"802","5jDsPkPjVK4","569005","3388","24691","855","2019-04-15 06:30:07"
"803","C4_UntN6O2A","761924","2997","30810","412","2019-04-15 06:30:07"
"804","a5vg_Yi42Ok","1409955","3780","36674","1377","2019-04-15 06:30:08"
"805","CikXQvz57ZU","394851","745","8484","218","2019-04-15 06:30:08"
"806","h3P5Hrblbe0","239657","469","14888","47","2019-04-15 06:30:09"
"807","VSPuRXkUWoU","1581477","8953","236814","447","2019-04-15 06:30:09"
"808","AJKDh52Ehac","225901","1052","6772","145","2019-04-15 06:30:10"
"809","2x8guH7hsgc","2153816","31894","38143","26721","2019-04-15 06:30:11"
"810","KMwuyXQcWfI","567056","1002","6907","186","2019-04-15 06:30:11"
"811","AFWIu243KY8","227725","461","1489","134","2019-04-15 06:30:12"
"812","u5jugGl_pu0","621119","3246","57371","142","2019-04-15 06:30:12"
"813","kOd19ljsklQ","2490276","10713","117558","974","2019-04-15 06:30:13"
"814","_aHE8lgalJU","175077","6289","20534","69","2019-04-15 06:30:13"
"815","zKfmiAYiC-M","1578190","4813","24976","1375","2019-04-15 06:30:14"
"816","04WYGo4rfdw","945555","1999","15245","568","2019-04-15 06:30:14"
"817","6gfh2UfcJFw","371086","1462","19109","179","2019-04-15 06:30:15"
"818","QuderoyWqII","6775605","40865","327240","10994","2019-04-15 06:30:15"
"819","nKh_yq627WM","548785","7581","48256","355","2019-04-15 06:30:16"
"820","XsX3ATc3FbA","129346170","2757797","8064530","337450","2019-04-15 06:30:16"
"821","mWkP7esvuiw","1098616","1780","14416","254","2019-04-15 06:30:17"
"822","zIG2yCvG3TI","302936","678","2147","196","2019-04-15 06:30:17"
"823","-9txATEWXTQ","7154879","36524","413100","13041","2019-04-15 06:30:18"
"824","DfggRtdOiTE","868790","2750","5285","210","2019-04-15 06:30:18"
"825","t0t9dul8bOw","1222383","4591","27407","944","2019-04-15 06:30:19"
"826","O8CCQopoCAE","548674","4398","41080","433","2019-04-15 06:30:19"
"827","pY8O7-mpdUk","1218515","3760","10706","1990","2019-04-15 06:30:20"
"828","BPExj-3kaAc","846366","7880","29822","437","2019-04-15 06:30:20"
"829","TW-kag5GG9s","646169","2852","22460","511","2019-04-15 06:30:21"
"830","zaWyIKas2Ww","239566","536","1409","50","2019-04-15 06:30:21"
"831","uv9kDcbJLi8","958304","2601","53283","993","2019-04-15 06:30:22"
"832","f2AuCmxtOSA","411715","2161","21320","338","2019-04-15 06:30:22"
"833","81UpjkAuHJM","348901","642","6114","274","2019-04-15 06:30:23"
"834","NJo8CjVpIEw","895905","2433","7943","1182","2019-04-15 06:30:23"
"835","NbhiGb_pZ-g","2258541","14628","123822","1874","2019-04-15 06:30:24"
"836","HkdPYRxYMdc","1453276","6381","56772","1858","2019-04-15 06:30:24"
"837","f5bJ5acwZtI","2017780","19175","212337","4254","2019-04-15 06:30:25"
"838","LLR0jg7Xu9M","635575","525","12066","157","2019-04-15 06:30:25"
"839","0flfyCjIh8M","961614","2552","20187","360","2019-04-15 06:30:26"
"840","QaZ93sibpk0","21482074","51683","547229","38278","2019-04-15 06:30:26"
"841","mQ2fJ_aM_T0","1250362","5801","53457","628","2019-04-15 06:30:26"
"842","26EivpCPHnQ","2872286","21026","130691","1315","2019-04-15 06:30:28"
"843","cKiX2rUB6sY","521301","3576","35185","1041","2019-04-15 06:30:28"
"844","IdzY6lcCiCM","705104","2835","24410","266","2019-04-15 06:30:29"
"845","MdVTBGEuxhM","909420","2070","31794","708","2019-04-15 06:30:29"
"846","bQ3gBKDa8RY","1307278","1891","34857","468","2019-04-15 06:30:30"
"847","_cdt2CLalhA","608153","1886","17657","3428","2019-04-15 06:30:31"
"848","SR5kfWXfxto","7024824","34499","224586","3469","2019-04-15 06:30:31"
"849","ZEWGyyLiqY4","807765","1595","20225","533","2019-04-15 06:30:32"
"850","OzUXonhJo3Y","1793446","4364","43494","1158","2019-04-15 06:30:33"
"851","QZsthdsh6yk","34389909","84689","711853","190332","2019-04-15 06:30:33"
"852","r7CWEE3ZAWs","5970089","25718","319033","12896","2019-04-15 06:30:34"
"853","YSJlU2q58Bc","5671389","6369","189694","2510","2019-04-15 06:30:35"
"854","550f3BEWEwQ","446392","517","5548","254","2019-04-15 06:30:36"
"855","YPZ1f52jlm8","385735","828","18820","223","2019-04-15 06:30:36"
"856","UoUeBLp5KlI","950807","3464","21416","835","2019-04-15 06:30:37"
"857","LKtajrJUggU","543421","1103","9598","297","2019-04-15 06:30:37"
"858","81UOofW82FY","9532211","16015","302635","2666","2019-04-15 06:30:38"
"859","T4Q0pElKWY0","3359495","17689","235573","1237","2019-04-15 06:30:38"
"860","8SGbIHoKewM","789091","1233","11650","516","2019-04-15 06:30:39"
"861","198gzllaumo","13782266","15436","294292","6131","2019-04-15 06:30:39"
"862","3_ZSwppz2ak","562008","2183","20249","411","2019-04-15 06:30:40"
"863","7TavVZMewpY","23821984","45745","490275","20656","2019-04-15 06:30:40"
"864","6cFAYjQw2CA","1862069","6704","29360","1105","2019-04-15 06:30:41"
"865","5HoE9Tn5oug","1462735","4910","92197","559","2019-04-15 06:30:41"
"866","Ms5yMta2p9A","2332230","7752","208003","1430","2019-04-15 06:30:42"
"867","-ze37NCz5oI","925460","6091","36510","296","2019-04-15 06:30:42"
"868","jjanTQjvkUM","396709","849","2850","230","2019-04-15 06:30:43"
"869","kQ1xE4sK9Qk","1062435","1482","22919","453","2019-04-15 06:30:43"
"870","iVn37ndpkIc","369698","1510","7540","165","2019-04-15 06:30:44"
"871","KUaVjms6yyY","4838548","14811","246553","4345","2019-04-15 06:30:44"
"872","RQOhAeNAjKc","893224","4111","38123","467","2019-04-15 06:30:44"
"873","Kb1a3OSVjXk","1703225","1398","40036","519","2019-04-15 06:30:45"
"874","nyU2mFp3ru0","191073","418","3125","102","2019-04-15 06:30:45"
"875","pAoEHR4aW8I","4916680","15996","134003","3788","2019-04-15 06:30:46"
"876","S_GVbuddri8","5137688","24232","212215","2662","2019-04-15 06:30:46"
"877","D3nT0piQDgA","1210681","5537","68653","3167","2019-04-15 06:30:47"
"878","29Uy9z0lzcw","1400595","7411","55130","2187","2019-04-15 06:30:47"
"879","15odjKT7MPA","790727","1393","6212","193","2019-04-15 06:30:47"
"880","u8tdT5pAE34","7296543","50269","534074","2855","2019-04-15 06:30:48"
"881","17A_wsy6WX0","2411848","17550","248951","7525","2019-04-15 06:30:48"
"882","W_VzAap2vl0","1211785","5957","14744","1332","2019-04-15 06:30:49"
"883","tV1S5mKN_b8","920647","4158","32471","1105","2019-04-15 06:30:49"
"884","HUsIcK1a4B0","5177715","11984","262767","2799","2019-04-15 06:30:50"
"885","z5MCMhXSdQM","641395","1379","4731","277","2019-04-15 06:30:50"
"886","AkK_n5Q8M38","1066630","3730","34039","1157","2019-04-15 06:30:51"
"887","LL2jKGvyC8Y","200887","763","1739","71","2019-04-15 06:30:51"
"888","m1MewpFNBdc","1921835","8836","182102","1557","2019-04-15 06:30:51"
"889","ECdQ6OV-rkU","2227143","4188","60202","525","2019-04-15 06:30:52"
"890","N2DdOs5OhxY","1102446","3999","49275","916","2019-04-15 06:30:52"
"891","zxVmyC5xqUE","423751","3126","10146","444","2019-04-15 06:30:53"
"892","0GLbwkfhYZk","5916392","28459","187685","11148","2019-04-15 06:45:02"
"893","O4NB73HTlxI","3882834","32153","283376","4895","2019-04-15 06:45:03"
"894","VVRcXtSjPcE","279466","1089","4770","93","2019-04-15 06:45:03"
"895","adzYW5DZoWs","21784413","79486","480365","62072","2019-04-15 06:45:04"
"896","p_8yK2kmxoo","2564059","10867","137088","1396","2019-04-15 06:45:05"
"897","g7itQNVeFB4","588805","4150","20288","1188","2019-04-15 06:45:05"
"898","BJzJtm7OfdQ","791684","5744","56352","829","2019-04-15 06:45:05"
"899","qOkZiVlQHMs","769802","1583","17396","209","2019-04-15 06:45:06"
"900","I47_jCtfYlE","1267547","5045","15123","456","2019-04-15 06:45:07"
"901","5jDsPkPjVK4","572431","3398","24833","861","2019-04-15 06:45:08"
"902","C4_UntN6O2A","765988","2997","30877","412","2019-04-15 06:45:08"
"903","a5vg_Yi42Ok","1419666","3802","36797","1383","2019-04-15 06:45:08"
"904","CikXQvz57ZU","397993","745","8526","219","2019-04-15 06:45:09"
"905","h3P5Hrblbe0","241467","469","14976","49","2019-04-15 06:45:09"
"906","VSPuRXkUWoU","1592919","8983","237874","451","2019-04-15 06:45:10"
"907","AJKDh52Ehac","227094","1052","6788","145","2019-04-15 06:45:10"
"908","2x8guH7hsgc","2159105","31924","38174","26783","2019-04-15 06:45:11"
"909","KMwuyXQcWfI","568018","1002","6913","186","2019-04-15 06:45:11"
"910","AFWIu243KY8","228394","469","1491","134","2019-04-15 06:45:12"
"911","u5jugGl_pu0","628692","3262","57691","147","2019-04-15 06:45:12"
"912","kOd19ljsklQ","2493092","10728","117636","974","2019-04-15 06:45:13"
"913","_aHE8lgalJU","175903","6312","20585","69","2019-04-15 06:45:13"
"914","zKfmiAYiC-M","1585904","4818","25032","1378","2019-04-15 06:45:14"
"915","04WYGo4rfdw","947775","1999","15267","568","2019-04-15 06:45:14"
"916","6gfh2UfcJFw","373923","1462","19212","181","2019-04-15 06:45:15"
"917","QuderoyWqII","6781653","40885","327371","11004","2019-04-15 06:45:15"
"918","nKh_yq627WM","551829","7587","48375","355","2019-04-15 06:45:16"
"919","XsX3ATc3FbA","129541896","2757654","8067496","337816","2019-04-15 06:45:16"
"920","mWkP7esvuiw","1101594","1794","14442","254","2019-04-15 06:45:17"
"921","zIG2yCvG3TI","303626","678","2152","197","2019-04-15 06:45:17"
"922","-9txATEWXTQ","7160835","36524","413273","13050","2019-04-15 06:45:18"
"923","DfggRtdOiTE","872191","2761","5306","215","2019-04-15 06:45:18"
"924","t0t9dul8bOw","1225701","4613","27491","947","2019-04-15 06:45:19"
"925","O8CCQopoCAE","549918","4412","41135","433","2019-04-15 06:45:19"
"926","pY8O7-mpdUk","1221501","3760","10719","1994","2019-04-15 06:45:19"
"927","BPExj-3kaAc","848187","7885","29862","437","2019-04-15 06:45:20"
"928","TW-kag5GG9s","647793","2852","22494","511","2019-04-15 06:45:20"
"929","zaWyIKas2Ww","240061","536","1410","50","2019-04-15 06:45:21"
"930","uv9kDcbJLi8","959849","2601","53325","993","2019-04-15 06:45:21"
"931","f2AuCmxtOSA","412335","2161","21341","338","2019-04-15 06:45:22"
"932","81UpjkAuHJM","349466","642","6119","274","2019-04-15 06:45:22"
"933","NJo8CjVpIEw","897059","2446","7945","1184","2019-04-15 06:45:23"
"934","NbhiGb_pZ-g","2260223","14636","123864","1876","2019-04-15 06:45:23"
"935","HkdPYRxYMdc","1454380","6381","56791","1858","2019-04-15 06:45:24"
"936","f5bJ5acwZtI","2024590","19205","212565","4271","2019-04-15 06:45:24"
"937","LLR0jg7Xu9M","636943","532","12076","158","2019-04-15 06:45:25"
"938","0flfyCjIh8M","962450","2552","20195","360","2019-04-15 06:45:25"
"939","QaZ93sibpk0","21496056","51701","547360","38290","2019-04-15 06:45:25"
"940","mQ2fJ_aM_T0","1253131","5801","53498","629","2019-04-15 06:45:26"
"941","26EivpCPHnQ","2874805","21033","130728","1314","2019-04-15 06:45:27"
"942","cKiX2rUB6sY","521843","3576","35224","1042","2019-04-15 06:45:28"
"943","IdzY6lcCiCM","705369","2835","24413","266","2019-04-15 06:45:28"
"944","MdVTBGEuxhM","910341","2070","31814","708","2019-04-15 06:45:29"
"945","bQ3gBKDa8RY","1308922","1891","34893","468","2019-04-15 06:45:29"
"946","_cdt2CLalhA","608503","1892","17660","3428","2019-04-15 06:45:30"
"947","SR5kfWXfxto","7029841","34513","224641","3470","2019-04-15 06:45:30"
"948","ZEWGyyLiqY4","808994","1595","20242","534","2019-04-15 06:45:30"
"949","OzUXonhJo3Y","1793686","4364","43494","1158","2019-04-15 06:45:31"
"950","QZsthdsh6yk","34452370","84745","712556","190494","2019-04-15 06:45:31"
"951","r7CWEE3ZAWs","5981384","25734","319323","12911","2019-04-15 06:45:32"
"952","YSJlU2q58Bc","5677721","6369","189768","2513","2019-04-15 06:45:32"
"953","550f3BEWEwQ","446455","517","5548","254","2019-04-15 06:45:32"
"954","YPZ1f52jlm8","386096","828","18835","223","2019-04-15 06:45:33"
"955","UoUeBLp5KlI","951333","3464","21420","837","2019-04-15 06:45:33"
"956","LKtajrJUggU","543499","1103","9599","297","2019-04-15 06:45:34"
"957","81UOofW82FY","9540203","16022","302713","2666","2019-04-15 06:45:34"
"958","T4Q0pElKWY0","3360512","17689","235609","1237","2019-04-15 06:45:35"
"959","8SGbIHoKewM","789201","1233","11650","516","2019-04-15 06:45:35"
"960","198gzllaumo","13798427","15446","294363","6140","2019-04-15 06:45:36"
"961","3_ZSwppz2ak","562266","2183","20259","411","2019-04-15 06:45:37"
"962","7TavVZMewpY","23832494","45760","490345","20661","2019-04-15 06:45:38"
"963","6cFAYjQw2CA","1864792","6704","29388","1109","2019-04-15 06:45:38"
"964","5HoE9Tn5oug","1463869","4910","92239","559","2019-04-15 06:45:39"
"965","Ms5yMta2p9A","2333044","7752","208021","1430","2019-04-15 06:45:39"
"966","-ze37NCz5oI","925634","6091","36512","296","2019-04-15 06:45:40"
"967","jjanTQjvkUM","396790","849","2850","230","2019-04-15 06:45:40"
"968","kQ1xE4sK9Qk","1063314","1482","22928","453","2019-04-15 06:45:41"
"969","iVn37ndpkIc","369874","1510","7542","165","2019-04-15 06:45:42"
"970","KUaVjms6yyY","4844401","14819","246696","4347","2019-04-15 06:45:42"
"971","RQOhAeNAjKc","893642","4111","38133","467","2019-04-15 06:45:43"
"972","Kb1a3OSVjXk","1703749","1398","40043","519","2019-04-15 06:45:43"
"973","nyU2mFp3ru0","191094","418","3125","102","2019-04-15 06:45:44"
"974","pAoEHR4aW8I","4917497","15996","134019","3789","2019-04-15 06:45:44"
"975","S_GVbuddri8","5139653","24232","212238","2663","2019-04-15 06:45:45"
"976","D3nT0piQDgA","1211748","5537","68692","3170","2019-04-15 06:45:45"
"977","29Uy9z0lzcw","1400767","7411","55134","2187","2019-04-15 06:45:46"
"978","15odjKT7MPA","790762","1393","6212","193","2019-04-15 06:45:46"
"979","u8tdT5pAE34","7306144","50285","534266","2857","2019-04-15 06:45:47"
"980","17A_wsy6WX0","2413660","17550","248999","7527","2019-04-15 06:45:47"
"981","W_VzAap2vl0","1212097","5957","14748","1332","2019-04-15 06:45:48"
"982","tV1S5mKN_b8","920704","4158","32472","1105","2019-04-15 06:45:48"
"983","HUsIcK1a4B0","5179437","11984","262831","2801","2019-04-15 06:45:48"
"984","z5MCMhXSdQM","641673","1379","4731","277","2019-04-15 06:45:49"
"985","AkK_n5Q8M38","1067058","3730","34047","1157","2019-04-15 06:45:49"
"986","LL2jKGvyC8Y","200899","763","1739","71","2019-04-15 06:45:50"
"987","m1MewpFNBdc","1922103","8836","182124","1557","2019-04-15 06:45:51"
"988","ECdQ6OV-rkU","2227650","4188","60212","525","2019-04-15 06:45:51"
"989","N2DdOs5OhxY","1102630","3999","49285","916","2019-04-15 06:45:52"
"990","zxVmyC5xqUE","423985","3126","10151","444","2019-04-15 06:45:52"
"991","0GLbwkfhYZk","5916434","28522","188019","11190","2019-04-15 07:00:03"
"992","O4NB73HTlxI","3882844","32245","283986","4913","2019-04-15 07:00:03"
"993","VVRcXtSjPcE","279488","1102","4809","94","2019-04-15 07:00:04"
"994","adzYW5DZoWs","21784419","79506","480611","62116","2019-04-15 07:00:05"
"995","p_8yK2kmxoo","2564060","10924","137607","1407","2019-04-15 07:00:05"
"996","g7itQNVeFB4","588944","4160","20350","1201","2019-04-15 07:00:06"
"997","BJzJtm7OfdQ","791934","5756","56684","831","2019-04-15 07:00:06"
"998","qOkZiVlQHMs","769806","1591","17565","211","2019-04-15 07:00:07"
"999","I47_jCtfYlE","1267548","5045","15144","457","2019-04-15 07:00:07"
"1000","5jDsPkPjVK4","572433","3410","24978","875","2019-04-15 07:00:08"
"1001","C4_UntN6O2A","765998","2997","30940","413","2019-04-15 07:00:08"
"1002","a5vg_Yi42Ok","1419699","3828","36925","1386","2019-04-15 07:00:09"
"1003","CikXQvz57ZU","398177","761","8583","222","2019-04-15 07:00:09"
"1004","h3P5Hrblbe0","241467","469","15054","49","2019-04-15 07:00:10"
"1005","VSPuRXkUWoU","1592940","8995","238998","456","2019-04-15 07:00:11"
"1006","AJKDh52Ehac","227177","1065","6802","146","2019-04-15 07:00:11"
"1007","2x8guH7hsgc","2159484","32043","38206","26842","2019-04-15 07:00:12"
"1008","KMwuyXQcWfI","568072","1002","6922","187","2019-04-15 07:00:12"
"1009","AFWIu243KY8","228437","469","1493","134","2019-04-15 07:00:13"
"1010","u5jugGl_pu0","628790","3294","58021","149","2019-04-15 07:00:13"
"1011","kOd19ljsklQ","2493092","10733","117714","976","2019-04-15 07:00:14"
"1012","_aHE8lgalJU","175961","6326","20645","70","2019-04-15 07:00:14"
"1013","6gfh2UfcJFw","374095","1462","19315","185","2019-04-15 07:00:15"
"1014","zKfmiAYiC-M","1585909","4823","25090","1381","2019-04-15 07:00:15"
"1015","04WYGo4rfdw","947775","2007","15297","569","2019-04-15 07:00:16"
"1016","QuderoyWqII","6781664","40883","327492","11008","2019-04-15 07:00:16"
"1017","nKh_yq627WM","552079","7603","48498","356","2019-04-15 07:00:17"
"1018","XsX3ATc3FbA","129542081","2758548","8070584","338155","2019-04-15 07:00:17"
"1019","mWkP7esvuiw","1101595","1802","14473","254","2019-04-15 07:00:18"
"1020","zIG2yCvG3TI","303687","678","2156","197","2019-04-15 07:00:18"
"1021","-9txATEWXTQ","7160854","36529","413437","13060","2019-04-15 07:00:19"
"1022","DfggRtdOiTE","872692","2761","5320","216","2019-04-15 07:00:19"
"1023","t0t9dul8bOw","1225712","4613","27563","951","2019-04-15 07:00:19"
"1024","O8CCQopoCAE","549969","4412","41175","434","2019-04-15 07:00:20"
"1025","pY8O7-mpdUk","1221921","3765","10741","1996","2019-04-15 07:00:20"
"1026","BPExj-3kaAc","848190","7885","29895","437","2019-04-15 07:00:21"
"1027","TW-kag5GG9s","647794","2852","22527","513","2019-04-15 07:00:21"
"1028","zaWyIKas2Ww","240061","536","1412","50","2019-04-15 07:00:22"
"1029","uv9kDcbJLi8","959921","2601","53372","996","2019-04-15 07:00:22"
"1030","f2AuCmxtOSA","412335","2161","21355","339","2019-04-15 07:00:23"
"1031","81UpjkAuHJM","349466","642","6123","274","2019-04-15 07:00:23"
"1032","NJo8CjVpIEw","897061","2446","7950","1186","2019-04-15 07:00:24"
"1033","NbhiGb_pZ-g","2260227","14643","123905","1879","2019-04-15 07:00:24"
"1034","HkdPYRxYMdc","1454438","6381","56816","1858","2019-04-15 07:00:25"
"1035","f5bJ5acwZtI","2025199","19240","212831","4284","2019-04-15 07:00:25"
"1036","LLR0jg7Xu9M","636944","532","12097","159","2019-04-15 07:00:26"
"1037","0flfyCjIh8M","962468","2552","20207","361","2019-04-15 07:00:26"
"1038","QaZ93sibpk0","21496372","51726","547482","38312","2019-04-15 07:00:27"
"1039","mQ2fJ_aM_T0","1253243","5811","53543","631","2019-04-15 07:00:27"
"1040","26EivpCPHnQ","2874807","21040","130757","1314","2019-04-15 07:00:29"
"1041","cKiX2rUB6sY","521846","3576","35261","1043","2019-04-15 07:00:29"
"1042","IdzY6lcCiCM","705369","2835","24420","266","2019-04-15 07:00:29"
"1043","MdVTBGEuxhM","910379","2070","31846","708","2019-04-15 07:00:30"
"1044","bQ3gBKDa8RY","1308923","1891","34921","469","2019-04-15 07:00:30"
"1045","_cdt2CLalhA","608512","1892","17665","3428","2019-04-15 07:00:31"
"1046","SR5kfWXfxto","7029851","34518","224699","3470","2019-04-15 07:00:31"
"1047","ZEWGyyLiqY4","809026","1595","20259","534","2019-04-15 07:00:31"
"1048","OzUXonhJo3Y","1793691","4364","43496","1158","2019-04-15 07:00:32"
"1049","QZsthdsh6yk","34452372","84812","713250","190637","2019-04-15 07:00:32"
"1050","r7CWEE3ZAWs","5981387","25734","319615","12920","2019-04-15 07:00:33"
"1051","YSJlU2q58Bc","5677725","6374","189851","2517","2019-04-15 07:00:33"
"1052","550f3BEWEwQ","446461","517","5548","254","2019-04-15 07:00:34"
"1053","YPZ1f52jlm8","386108","828","18848","223","2019-04-15 07:00:35"
"1054","UoUeBLp5KlI","951363","3464","21424","837","2019-04-15 07:00:35"
"1055","LKtajrJUggU","543499","1103","9599","297","2019-04-15 07:00:36"
"1056","81UOofW82FY","9540935","16022","302784","2668","2019-04-15 07:00:36"
"1057","T4Q0pElKWY0","3360514","17689","235650","1238","2019-04-15 07:00:37"
"1058","8SGbIHoKewM","789202","1233","11649","516","2019-04-15 07:00:37"
"1059","198gzllaumo","13798461","15452","294436","6143","2019-04-15 07:00:38"
"1060","3_ZSwppz2ak","562278","2183","20262","411","2019-04-15 07:00:38"
"1061","7TavVZMewpY","23832812","45765","490427","20667","2019-04-15 07:00:39"
"1062","6cFAYjQw2CA","1864795","6709","29418","1110","2019-04-15 07:00:39"
"1063","5HoE9Tn5oug","1463893","4910","92277","559","2019-04-15 07:00:40"
"1064","Ms5yMta2p9A","2333060","7752","208039","1430","2019-04-15 07:00:40"
"1065","-ze37NCz5oI","925634","6091","36516","296","2019-04-15 07:00:41"
"1066","jjanTQjvkUM","396790","849","2850","230","2019-04-15 07:00:41"
"1067","kQ1xE4sK9Qk","1063315","1482","22940","453","2019-04-15 07:00:42"
"1068","iVn37ndpkIc","369880","1510","7543","165","2019-04-15 07:00:42"
"1069","KUaVjms6yyY","4846100","14826","246799","4350","2019-04-15 07:00:43"
"1070","RQOhAeNAjKc","893657","4111","38137","467","2019-04-15 07:00:43"
"1071","Kb1a3OSVjXk","1703755","1398","40056","519","2019-04-15 07:00:44"
"1072","nyU2mFp3ru0","191095","418","3125","102","2019-04-15 07:00:44"
"1073","pAoEHR4aW8I","4917497","15996","134037","3789","2019-04-15 07:00:45"
"1074","S_GVbuddri8","5139660","24238","212255","2663","2019-04-15 07:00:45"
"1075","D3nT0piQDgA","1211749","5537","68728","3171","2019-04-15 07:00:46"
"1076","29Uy9z0lzcw","1400767","7411","55137","2187","2019-04-15 07:00:46"
"1077","15odjKT7MPA","790762","1393","6212","193","2019-04-15 07:00:47"
"1078","u8tdT5pAE34","7306146","50324","534435","2861","2019-04-15 07:00:47"
"1079","17A_wsy6WX0","2413660","17550","249047","7530","2019-04-15 07:00:48"
"1080","W_VzAap2vl0","1212097","5957","14749","1333","2019-04-15 07:00:48"
"1081","tV1S5mKN_b8","920704","4158","32473","1105","2019-04-15 07:00:49"
"1082","HUsIcK1a4B0","5179438","11992","262901","2804","2019-04-15 07:00:49"
"1083","z5MCMhXSdQM","641696","1379","4731","277","2019-04-15 07:00:50"
"1084","AkK_n5Q8M38","1067065","3730","34055","1157","2019-04-15 07:00:50"
"1085","LL2jKGvyC8Y","200899","763","1739","71","2019-04-15 07:00:51"
"1086","m1MewpFNBdc","1922103","8836","182141","1557","2019-04-15 07:00:52"
"1087","ECdQ6OV-rkU","2227670","4188","60222","525","2019-04-15 07:00:52"
"1088","N2DdOs5OhxY","1102630","3999","49296","916","2019-04-15 07:00:53"
"1089","zxVmyC5xqUE","423995","3126","10153","444","2019-04-15 07:00:53"
"1090","0GLbwkfhYZk","5953353","28590","188336","11241","2019-04-15 07:15:02"
"1091","O4NB73HTlxI","3924618","32325","284636","4942","2019-04-15 07:15:03"
"1092","VVRcXtSjPcE","282291","1108","4847","97","2019-04-15 07:15:03"
"1093","adzYW5DZoWs","21830331","79543","480849","62157","2019-04-15 07:15:04"
"1094","p_8yK2kmxoo","2597351","10969","138051","1420","2019-04-15 07:15:05"
"1095","g7itQNVeFB4","592953","4179","20404","1226","2019-04-15 07:15:05"
"1096","BJzJtm7OfdQ","803464","5774","56998","836","2019-04-15 07:15:06"
"1097","qOkZiVlQHMs","785269","1614","17753","216","2019-04-15 07:15:07"
"1098","I47_jCtfYlE","1273395","5045","15156","457","2019-04-15 07:15:07"
"1099","5jDsPkPjVK4","579591","3433","25133","885","2019-04-15 07:15:08"
"1100","C4_UntN6O2A","771809","2997","31008","415","2019-04-15 07:15:08"
"1101","a5vg_Yi42Ok","1436724","3836","37056","1389","2019-04-15 07:15:09"
"1102","CikXQvz57ZU","402241","761","8628","224","2019-04-15 07:15:09"
"1103","h3P5Hrblbe0","245448","469","15120","49","2019-04-15 07:15:10"
"1104","VSPuRXkUWoU","1613574","9022","240191","461","2019-04-15 07:15:10"
"1105","AJKDh52Ehac","228602","1070","6820","146","2019-04-15 07:15:11"
"1106","2x8guH7hsgc","2166584","32098","38243","26922","2019-04-15 07:15:11"
"1107","KMwuyXQcWfI","569235","1002","6931","187","2019-04-15 07:15:12"
"1108","AFWIu243KY8","229137","469","1497","135","2019-04-15 07:15:12"
"1109","u5jugGl_pu0","638064","3306","58348","151","2019-04-15 07:15:13"
"1110","kOd19ljsklQ","2498941","10738","117798","976","2019-04-15 07:15:13"
"1111","_aHE8lgalJU","177018","6340","20728","70","2019-04-15 07:15:14"
"1112","6gfh2UfcJFw","377443","1462","19421","186","2019-04-15 07:15:14"
"1113","zKfmiAYiC-M","1599535","4823","25143","1385","2019-04-15 07:15:15"
"1114","04WYGo4rfdw","951945","2013","15321","570","2019-04-15 07:15:16"
"1115","QuderoyWqII","6791716","40888","327618","11014","2019-04-15 07:15:16"
"1116","nKh_yq627WM","556689","7609","48610","358","2019-04-15 07:15:17"
"1117","XsX3ATc3FbA","129957681","2759623","8073613","338526","2019-04-15 07:15:17"
"1118","mWkP7esvuiw","1108366","1802","14495","255","2019-04-15 07:15:18"
"1119","zIG2yCvG3TI","304494","678","2156","197","2019-04-15 07:15:18"
"1120","-9txATEWXTQ","7169791","36544","413593","13073","2019-04-15 07:15:19"
"1121","DfggRtdOiTE","878468","2769","5344","217","2019-04-15 07:15:19"
"1122","t0t9dul8bOw","1231527","4625","27661","954","2019-04-15 07:15:20"
"1123","O8CCQopoCAE","551621","4418","41226","435","2019-04-15 07:15:20"
"1124","pY8O7-mpdUk","1225423","3765","10756","1996","2019-04-15 07:15:21"
"1125","BPExj-3kaAc","850676","7899","29939","439","2019-04-15 07:15:21"
"1126","TW-kag5GG9s","651255","2852","22558","517","2019-04-15 07:15:22"
"1127","zaWyIKas2Ww","240932","536","1413","50","2019-04-15 07:15:22"
"1128","uv9kDcbJLi8","962002","2610","53428","996","2019-04-15 07:15:23"
"1129","f2AuCmxtOSA","413494","2161","21387","339","2019-04-15 07:15:23"
"1130","81UpjkAuHJM","350421","642","6128","274","2019-04-15 07:15:24"
"1131","NJo8CjVpIEw","899291","2446","7952","1189","2019-04-15 07:15:24"
"1132","NbhiGb_pZ-g","2263226","14657","123961","1880","2019-04-15 07:15:25"
"1133","HkdPYRxYMdc","1455812","6391","56833","1859","2019-04-15 07:15:25"
"1134","f5bJ5acwZtI","2036255","19241","213059","4305","2019-04-15 07:15:25"
"1135","LLR0jg7Xu9M","639823","532","12112","159","2019-04-15 07:15:26"
"1136","0flfyCjIh8M","963872","2552","20213","361","2019-04-15 07:15:26"
"1137","QaZ93sibpk0","21521416","51763","547618","38327","2019-04-15 07:15:27"
"1138","mQ2fJ_aM_T0","1256299","5811","53587","631","2019-04-15 07:15:27"
"1139","26EivpCPHnQ","2879400","21040","130794","1314","2019-04-15 07:15:29"
"1140","cKiX2rUB6sY","522828","3576","35291","1043","2019-04-15 07:15:29"
"1141","IdzY6lcCiCM","705853","2835","24423","266","2019-04-15 07:15:30"
"1142","MdVTBGEuxhM","912569","2070","31871","708","2019-04-15 07:15:31"
"1143","bQ3gBKDa8RY","1312298","1896","34954","469","2019-04-15 07:15:31"
"1144","_cdt2CLalhA","609151","1892","17674","3429","2019-04-15 07:15:32"
"1145","SR5kfWXfxto","7038461","34518","224756","3470","2019-04-15 07:15:33"
"1146","ZEWGyyLiqY4","811066","1595","20275","535","2019-04-15 07:15:33"
"1147","OzUXonhJo3Y","1794139","4364","43497","1158","2019-04-15 07:15:34"
"1148","QZsthdsh6yk","34591247","84839","713861","190786","2019-04-15 07:15:34"
"1149","r7CWEE3ZAWs","6005496","25755","319902","12929","2019-04-15 07:15:35"
"1150","YSJlU2q58Bc","5689355","6374","189929","2521","2019-04-15 07:15:35"
"1151","550f3BEWEwQ","446528","517","5548","254","2019-04-15 07:15:36"
"1152","YPZ1f52jlm8","386799","828","18857","223","2019-04-15 07:15:36"
"1153","UoUeBLp5KlI","951941","3464","21427","838","2019-04-15 07:15:37"
"1154","LKtajrJUggU","543620","1103","9600","297","2019-04-15 07:15:38"
"1155","81UOofW82FY","9551495","16030","302876","2672","2019-04-15 07:15:38"
"1156","T4Q0pElKWY0","3362359","17684","235670","1238","2019-04-15 07:15:39"
"1157","8SGbIHoKewM","789363","1233","11649","516","2019-04-15 07:15:40"
"1158","198gzllaumo","13826395","15449","294512","6151","2019-04-15 07:15:40"
"1159","3_ZSwppz2ak","562635","2183","20264","413","2019-04-15 07:15:41"
"1160","7TavVZMewpY","23852199","45765","490486","20669","2019-04-15 07:15:42"
"1161","6cFAYjQw2CA","1870591","6724","29445","1114","2019-04-15 07:15:42"
"1162","5HoE9Tn5oug","1465484","4910","92319","559","2019-04-15 07:15:43"
"1163","Ms5yMta2p9A","2334191","7752","208063","1430","2019-04-15 07:15:43"
"1164","-ze37NCz5oI","925960","6091","36520","296","2019-04-15 07:15:44"
"1165","jjanTQjvkUM","396963","849","2850","230","2019-04-15 07:15:44"
"1166","kQ1xE4sK9Qk","1065191","1488","22949","454","2019-04-15 07:15:45"
"1167","iVn37ndpkIc","370213","1510","7545","165","2019-04-15 07:15:45"
"1168","KUaVjms6yyY","4860021","14837","246911","4354","2019-04-15 07:15:46"
"1169","RQOhAeNAjKc","894279","4111","38145","467","2019-04-15 07:15:46"
"1170","Kb1a3OSVjXk","1704845","1398","40066","520","2019-04-15 07:15:47"
"1171","nyU2mFp3ru0","191138","418","3125","102","2019-04-15 07:15:48"
"1172","pAoEHR4aW8I","4919173","15996","134052","3789","2019-04-15 07:15:48"
"1173","S_GVbuddri8","5142511","24248","212289","2663","2019-04-15 07:15:49"
"1174","D3nT0piQDgA","1214392","5537","68781","3174","2019-04-15 07:15:49"
"1175","29Uy9z0lzcw","1401103","7411","55137","2187","2019-04-15 07:15:50"
"1176","15odjKT7MPA","790838","1393","6212","193","2019-04-15 07:15:51"
"1177","u8tdT5pAE34","7326335","50334","534611","2861","2019-04-15 07:15:51"
"1178","17A_wsy6WX0","2417935","17550","249113","7531","2019-04-15 07:15:52"
"1179","W_VzAap2vl0","1212571","5950","14749","1333","2019-04-15 07:15:53"
"1180","tV1S5mKN_b8","920787","4158","32475","1105","2019-04-15 07:15:53"
"1181","HUsIcK1a4B0","5183351","12001","262980","2806","2019-04-15 07:15:54"
"1182","z5MCMhXSdQM","642055","1379","4732","277","2019-04-15 07:15:54"
"1183","AkK_n5Q8M38","1068016","3730","34063","1157","2019-04-15 07:15:55"
"1184","LL2jKGvyC8Y","200925","763","1739","71","2019-04-15 07:15:55"
"1185","m1MewpFNBdc","1922752","8836","182157","1558","2019-04-15 07:15:56"
"1186","ECdQ6OV-rkU","2228689","4188","60229","526","2019-04-15 07:15:56"
"1187","N2DdOs5OhxY","1103013","3999","49306","916","2019-04-15 07:15:57"
"1188","zxVmyC5xqUE","424460","3140","10153","444","2019-04-15 07:15:57"
"1189","0GLbwkfhYZk","5955853","28628","188709","11284","2019-04-15 07:30:02"
"1190","O4NB73HTlxI","3925833","32373","285340","4964","2019-04-15 07:30:03"
"1191","VVRcXtSjPcE","282291","1108","4881","98","2019-04-15 07:30:03"
"1192","adzYW5DZoWs","21830364","79568","481079","62208","2019-04-15 07:30:04"
"1193","R6YCfVe4eR0","1530483","5485","43600","236","2019-04-15 07:30:05"
"1194","p_8yK2kmxoo","2597402","10974","138522","1430","2019-04-15 07:30:06"
"1195","g7itQNVeFB4","593985","4195","20463","1248","2019-04-15 07:30:06"
"1196","BJzJtm7OfdQ","803471","5808","57297","840","2019-04-15 07:30:07"
"1197","qOkZiVlQHMs","785309","1635","17936","219","2019-04-15 07:30:07"
"1198","I47_jCtfYlE","1273460","5045","15166","459","2019-04-15 07:30:08"
"1199","5jDsPkPjVK4","579663","3444","25287","890","2019-04-15 07:30:08"
"1200","C4_UntN6O2A","772420","3002","31066","420","2019-04-15 07:30:09"
"1201","CikXQvz57ZU","403492","769","8670","224","2019-04-15 07:30:10"
"1202","a5vg_Yi42Ok","1436739","3866","37217","1402","2019-04-15 07:30:10"
"1203","h3P5Hrblbe0","245453","475","15204","52","2019-04-15 07:30:11"
"1204","VSPuRXkUWoU","1615316","9050","241429","468","2019-04-15 07:30:11"
"1205","AJKDh52Ehac","229247","1070","6837","147","2019-04-15 07:30:12"
"1206","2x8guH7hsgc","2168230","32126","38281","26994","2019-04-15 07:30:12"
"1207","KMwuyXQcWfI","569517","1002","6941","187","2019-04-15 07:30:13"
"1208","AFWIu243KY8","229540","469","1501","136","2019-04-15 07:30:14"
"1209","u5jugGl_pu0","639927","3325","58722","153","2019-04-15 07:30:14"
"1210","kOd19ljsklQ","2498952","10743","117887","979","2019-04-15 07:30:15"
"1211","_aHE8lgalJU","177316","6375","20808","70","2019-04-15 07:30:15"
"1212","6gfh2UfcJFw","378909","1462","19519","188","2019-04-15 07:30:16"
"1213","zKfmiAYiC-M","1599825","4829","25196","1389","2019-04-15 07:30:16"
"1214","04WYGo4rfdw","951952","2019","15361","571","2019-04-15 07:30:17"
"1215","QuderoyWqII","6791904","40894","327788","11022","2019-04-15 07:30:17"
"1216","nKh_yq627WM","557320","7617","48733","360","2019-04-15 07:30:18"
"1217","XsX3ATc3FbA","129967378","2760801","8076819","338902","2019-04-15 07:30:18"
"1218","mWkP7esvuiw","1108548","1802","14525","255","2019-04-15 07:30:19"
"1219","zIG2yCvG3TI","304857","678","2161","197","2019-04-15 07:30:19"
"1220","-9txATEWXTQ","7170892","36553","413764","13084","2019-04-15 07:30:20"
"1221","DfggRtdOiTE","879999","2783","5370","220","2019-04-15 07:30:20"
"1222","t0t9dul8bOw","1231885","4654","27756","958","2019-04-15 07:30:21"
"1223","O8CCQopoCAE","552253","4427","41276","435","2019-04-15 07:30:21"
"1224","pY8O7-mpdUk","1226838","3770","10765","2003","2019-04-15 07:30:22"
"1225","BPExj-3kaAc","851064","7911","29978","441","2019-04-15 07:30:22"
"1226","TW-kag5GG9s","651303","2852","22586","519","2019-04-15 07:30:23"
"1227","zaWyIKas2Ww","240932","536","1415","50","2019-04-15 07:30:23"
"1228","uv9kDcbJLi8","962402","2610","53505","997","2019-04-15 07:30:24"
"1229","f2AuCmxtOSA","413497","2166","21405","339","2019-04-15 07:30:24"
"1230","81UpjkAuHJM","350458","647","6134","274","2019-04-15 07:30:25"
"1231","NJo8CjVpIEw","899314","2446","7958","1190","2019-04-15 07:30:25"
"1232","NbhiGb_pZ-g","2263332","14666","124025","1880","2019-04-15 07:30:26"
"1233","HkdPYRxYMdc","1456324","6391","56855","1862","2019-04-15 07:30:26"
"1234","f5bJ5acwZtI","2038482","19246","213334","4319","2019-04-15 07:30:26"
"1235","LLR0jg7Xu9M","639828","538","12134","161","2019-04-15 07:30:27"
"1236","0flfyCjIh8M","963873","2552","20220","362","2019-04-15 07:30:27"
"1237","QaZ93sibpk0","21521435","51778","547765","38341","2019-04-15 07:30:28"
"1238","mQ2fJ_aM_T0","1257675","5811","53636","632","2019-04-15 07:30:29"
"1239","26EivpCPHnQ","2879503","21034","130837","1313","2019-04-15 07:30:30"
"1240","cKiX2rUB6sY","522876","3576","35322","1043","2019-04-15 07:30:30"
"1241","IdzY6lcCiCM","705855","2835","24429","267","2019-04-15 07:30:31"
"1242","MdVTBGEuxhM","912569","2070","31894","709","2019-04-15 07:30:32"
"1243","bQ3gBKDa8RY","1312356","1896","34990","471","2019-04-15 07:30:32"
"1244","_cdt2CLalhA","609151","1892","17676","3430","2019-04-15 07:30:33"
"1245","SR5kfWXfxto","7038700","34531","224824","3471","2019-04-15 07:30:33"
"1246","ZEWGyyLiqY4","811067","1595","20298","536","2019-04-15 07:30:34"
"1247","OzUXonhJo3Y","1794140","4364","43500","1158","2019-04-15 07:30:34"
"1248","QZsthdsh6yk","34591725","84924","714431","190937","2019-04-15 07:30:35"
"1249","r7CWEE3ZAWs","6005510","25786","320154","12940","2019-04-15 07:30:36"
"1250","YSJlU2q58Bc","5689376","6374","189992","2524","2019-04-15 07:30:36"
"1251","550f3BEWEwQ","446559","517","5548","254","2019-04-15 07:30:37"
"1252","YPZ1f52jlm8","386799","828","18876","223","2019-04-15 07:30:38"
"1253","UoUeBLp5KlI","952185","3469","21433","839","2019-04-15 07:30:38"
"1254","LKtajrJUggU","543620","1103","9600","297","2019-04-15 07:30:39"
"1255","81UOofW82FY","9555503","16030","302931","2672","2019-04-15 07:30:39"
"1256","T4Q0pElKWY0","3362430","17690","235711","1238","2019-04-15 07:30:40"
"1257","8SGbIHoKewM","789378","1233","11649","516","2019-04-15 07:30:40"
"1258","198gzllaumo","13827872","15461","294602","6159","2019-04-15 07:30:41"
"1259","3_ZSwppz2ak","562739","2183","20271","413","2019-04-15 07:30:41"
"1260","7TavVZMewpY","23852214","45765","490557","20672","2019-04-15 07:30:42"
"1261","6cFAYjQw2CA","1870657","6724","29483","1118","2019-04-15 07:30:42"
"1262","5HoE9Tn5oug","1465799","4910","92358","559","2019-04-15 07:30:43"
"1263","Ms5yMta2p9A","2334450","7759","208101","1431","2019-04-15 07:30:43"
"1264","-ze37NCz5oI","925968","6091","36525","296","2019-04-15 07:30:43"
"1265","jjanTQjvkUM","396968","850","2850","230","2019-04-15 07:30:44"
"1266","kQ1xE4sK9Qk","1065196","1496","22958","455","2019-04-15 07:30:45"
"1267","iVn37ndpkIc","370213","1510","7547","165","2019-04-15 07:30:45"
"1268","KUaVjms6yyY","4860041","14853","247006","4357","2019-04-15 07:30:45"
"1269","RQOhAeNAjKc","894405","4111","38154","468","2019-04-15 07:30:46"
"1270","Kb1a3OSVjXk","1704845","1398","40081","520","2019-04-15 07:30:46"
"1271","nyU2mFp3ru0","191138","418","3126","102","2019-04-15 07:30:47"
"1272","pAoEHR4aW8I","4919173","15996","134066","3789","2019-04-15 07:30:47"
"1273","S_GVbuddri8","5142823","24254","212321","2664","2019-04-15 07:30:48"
"1274","D3nT0piQDgA","1214392","5537","68837","3177","2019-04-15 07:30:48"
"1275","29Uy9z0lzcw","1401109","7411","55143","2187","2019-04-15 07:30:49"
"1276","15odjKT7MPA","790839","1393","6212","193","2019-04-15 07:30:49"
"1277","u8tdT5pAE34","7326364","50341","534819","2863","2019-04-15 07:30:50"
"1278","17A_wsy6WX0","2417937","17559","249197","7533","2019-04-15 07:30:50"
"1279","W_VzAap2vl0","1212606","5955","14752","1333","2019-04-15 07:30:51"
"1280","tV1S5mKN_b8","920796","4158","32478","1105","2019-04-15 07:30:51"
"1281","HUsIcK1a4B0","5183353","12009","263050","2807","2019-04-15 07:30:52"
"1282","z5MCMhXSdQM","642171","1379","4732","277","2019-04-15 07:30:52"
"1283","AkK_n5Q8M38","1068017","3736","34072","1157","2019-04-15 07:30:53"
"1284","LL2jKGvyC8Y","200926","763","1739","71","2019-04-15 07:30:53"
"1285","m1MewpFNBdc","1922752","8836","182176","1558","2019-04-15 07:30:53"
"1286","ECdQ6OV-rkU","2228691","4188","60244","526","2019-04-15 07:30:54"
"1287","N2DdOs5OhxY","1103016","3999","49310","916","2019-04-15 07:30:54"
"1288","0GLbwkfhYZk","5975979","28681","189085","11325","2019-04-15 07:45:02"
"1289","O4NB73HTlxI","3954145","32518","286096","4987","2019-04-15 07:45:03"
"1290","VVRcXtSjPcE","283927","1124","4920","100","2019-04-15 07:45:03"
"1291","adzYW5DZoWs","21863011","79590","481344","62251","2019-04-15 07:45:04"
"1292","R6YCfVe4eR0","1623724","5599","44942","245","2019-04-15 07:45:04"
"1293","p_8yK2kmxoo","2619124","11031","138965","1438","2019-04-15 07:45:05"
"1294","g7itQNVeFB4","596449","4203","20531","1262","2019-04-15 07:45:05"
"1295","BJzJtm7OfdQ","810426","5836","57642","844","2019-04-15 07:45:06"
"1296","qOkZiVlQHMs","796064","1662","18136","222","2019-04-15 07:45:07"
"1297","I47_jCtfYlE","1277418","5045","15196","459","2019-04-15 07:45:07"
"1298","5jDsPkPjVK4","585001","3456","25431","899","2019-04-15 07:45:08"
"1299","C4_UntN6O2A","775634","3002","31132","424","2019-04-15 07:45:08"
"1300","CikXQvz57ZU","406071","775","8720","226","2019-04-15 07:45:09"
"1301","a5vg_Yi42Ok","1449148","3875","37398","1409","2019-04-15 07:45:09"
"1302","h3P5Hrblbe0","247962","475","15309","53","2019-04-15 07:45:10"
"1303","VSPuRXkUWoU","1624285","9076","242774","476","2019-04-15 07:45:10"
"1304","AJKDh52Ehac","230076","1070","6843","148","2019-04-15 07:45:11"
"1305","2x8guH7hsgc","2171979","32165","38314","27064","2019-04-15 07:45:12"
"1306","KMwuyXQcWfI","570090","1002","6946","190","2019-04-15 07:45:12"
"1307","AFWIu243KY8","229973","469","1504","136","2019-04-15 07:45:13"
"1308","u5jugGl_pu0","643984","3337","59122","153","2019-04-15 07:45:14"
"1309","kOd19ljsklQ","2503111","10743","117975","981","2019-04-15 07:45:14"
"1310","_aHE8lgalJU","177920","6412","20890","69","2019-04-15 07:45:15"
"1311","6gfh2UfcJFw","381238","1478","19620","188","2019-04-15 07:45:15"
"1312","zKfmiAYiC-M","1609828","4834","25240","1390","2019-04-15 07:45:16"
"1313","04WYGo4rfdw","954734","2019","15397","573","2019-04-15 07:45:16"
"1314","QuderoyWqII","6798238","40923","327940","11033","2019-04-15 07:45:17"
"1315","nKh_yq627WM","560904","7634","48861","362","2019-04-15 07:45:17"
"1316","XsX3ATc3FbA","130243572","2762042","8080058","339330","2019-04-15 07:45:18"
"1317","mWkP7esvuiw","1112633","1811","14555","257","2019-04-15 07:45:18"
"1318","zIG2yCvG3TI","305343","678","2163","198","2019-04-15 07:45:19"
"1319","-9txATEWXTQ","7175675","36583","413958","13104","2019-04-15 07:45:20"
"1320","DfggRtdOiTE","884333","2783","5399","221","2019-04-15 07:45:20"
"1321","t0t9dul8bOw","1235233","4654","27868","961","2019-04-15 07:45:21"
"1322","O8CCQopoCAE","553163","4434","41326","436","2019-04-15 07:45:21"
"1323","pY8O7-mpdUk","1229169","3770","10777","2007","2019-04-15 07:45:22"
"1324","BPExj-3kaAc","852514","7932","30027","441","2019-04-15 07:45:22"
"1325","TW-kag5GG9s","653360","2852","22616","521","2019-04-15 07:45:22"
"1326","zaWyIKas2Ww","241565","536","1417","50","2019-04-15 07:45:23"
"1327","uv9kDcbJLi8","963587","2610","53578","997","2019-04-15 07:45:23"
"1328","f2AuCmxtOSA","414362","2166","21429","340","2019-04-15 07:45:24"
"1329","81UpjkAuHJM","350976","647","6143","274","2019-04-15 07:45:24"
"1330","NJo8CjVpIEw","900588","2452","7965","1194","2019-04-15 07:45:25"
"1331","NbhiGb_pZ-g","2265034","14695","124084","1881","2019-04-15 07:45:25"
"1332","HkdPYRxYMdc","1457187","6391","56877","1863","2019-04-15 07:45:26"
"1333","f5bJ5acwZtI","2044943","19284","213616","4333","2019-04-15 07:45:26"
"1334","LLR0jg7Xu9M","641768","538","12148","162","2019-04-15 07:45:27"
"1335","0flfyCjIh8M","964862","2552","20232","362","2019-04-15 07:45:27"
"1336","QaZ93sibpk0","21539729","51785","547902","38355","2019-04-15 07:45:28"
"1337","mQ2fJ_aM_T0","1260601","5816","53684","634","2019-04-15 07:45:29"
"1338","26EivpCPHnQ","2882485","21034","130860","1313","2019-04-15 07:45:30"
"1339","cKiX2rUB6sY","523470","3576","35364","1044","2019-04-15 07:45:30"
"1340","IdzY6lcCiCM","706264","2835","24438","267","2019-04-15 07:45:30"
"1341","MdVTBGEuxhM","914015","2070","31917","711","2019-04-15 07:45:31"
"1342","bQ3gBKDa8RY","1314711","1896","35023","473","2019-04-15 07:45:31"
"1343","_cdt2CLalhA","609528","1892","17683","3431","2019-04-15 07:45:32"
"1344","SR5kfWXfxto","7044253","34545","224893","3472","2019-04-15 07:45:33"
"1345","ZEWGyyLiqY4","812635","1595","20318","536","2019-04-15 07:45:34"
"1346","OzUXonhJo3Y","1794447","4364","43503","1158","2019-04-15 07:45:34"
"1347","QZsthdsh6yk","34682773","84854","714959","191090","2019-04-15 07:45:35"
"1348","r7CWEE3ZAWs","6021834","25798","320398","12946","2019-04-15 07:45:35"
"1349","YSJlU2q58Bc","5697329","6381","190076","2530","2019-04-15 07:45:36"
"1350","550f3BEWEwQ","446598","517","5548","254","2019-04-15 07:45:36"
"1351","YPZ1f52jlm8","387305","828","18888","223","2019-04-15 07:45:37"
"1352","UoUeBLp5KlI","952638","3469","21439","839","2019-04-15 07:45:37"
"1353","LKtajrJUggU","543702","1103","9600","297","2019-04-15 07:45:38"
"1354","81UOofW82FY","9561784","16038","302987","2673","2019-04-15 07:45:38"
"1355","T4Q0pElKWY0","3363505","17690","235746","1239","2019-04-15 07:45:39"
"1356","8SGbIHoKewM","789463","1233","11651","516","2019-04-15 07:45:39"
"1357","198gzllaumo","13844093","15455","294674","6169","2019-04-15 07:45:39"
"1358","3_ZSwppz2ak","562913","2183","20279","413","2019-04-15 07:45:40"
"1359","7TavVZMewpY","23866344","45779","490619","20685","2019-04-15 07:45:40"
"1360","6cFAYjQw2CA","1874068","6729","29511","1120","2019-04-15 07:45:41"
"1361","5HoE9Tn5oug","1466640","4910","92405","559","2019-04-15 07:45:41"
"1362","Ms5yMta2p9A","2335122","7759","208131","1431","2019-04-15 07:45:42"
"1363","-ze37NCz5oI","926181","6091","36529","296","2019-04-15 07:45:42"
"1364","jjanTQjvkUM","397060","851","2851","230","2019-04-15 07:45:43"
"1365","kQ1xE4sK9Qk","1066560","1496","22970","455","2019-04-15 07:45:43"
"1366","iVn37ndpkIc","370432","1510","7548","165","2019-04-15 07:45:43"
"1367","KUaVjms6yyY","4870167","14861","247116","4363","2019-04-15 07:45:44"
"1368","RQOhAeNAjKc","894767","4119","38164","468","2019-04-15 07:45:44"
"1369","Kb1a3OSVjXk","1705587","1398","40088","520","2019-04-15 07:45:45"
"1370","nyU2mFp3ru0","191167","418","3126","102","2019-04-15 07:45:45"
"1371","pAoEHR4aW8I","4920278","16004","134082","3789","2019-04-15 07:45:46"
"1372","S_GVbuddri8","5144181","24254","212344","2665","2019-04-15 07:45:46"
"1373","D3nT0piQDgA","1216055","5537","68875","3178","2019-04-15 07:45:46"
"1374","29Uy9z0lzcw","1401320","7411","55145","2187","2019-04-15 07:45:47"
"1375","15odjKT7MPA","790889","1393","6212","193","2019-04-15 07:45:47"
"1376","u8tdT5pAE34","7340272","50380","535040","2865","2019-04-15 07:45:48"
"1377","17A_wsy6WX0","2420792","17559","249269","7534","2019-04-15 07:45:48"
"1378","W_VzAap2vl0","1212908","5955","14760","1334","2019-04-15 07:45:49"
"1379","tV1S5mKN_b8","920863","4158","32486","1105","2019-04-15 07:45:49"
"1380","HUsIcK1a4B0","5185901","12009","263140","2808","2019-04-15 07:45:50"
"1381","z5MCMhXSdQM","642394","1379","4734","277","2019-04-15 07:45:50"
"1382","AkK_n5Q8M38","1068707","3736","34083","1157","2019-04-15 07:45:51"
"1383","LL2jKGvyC8Y","200951","763","1739","71","2019-04-15 07:45:51"
"1384","m1MewpFNBdc","1923209","8836","182206","1558","2019-04-15 07:45:52"
"1385","ECdQ6OV-rkU","2229418","4188","60253","526","2019-04-15 07:45:52"
"1386","N2DdOs5OhxY","1103281","3999","49317","917","2019-04-15 07:45:53"
"1387","0GLbwkfhYZk","5981998","28737","189478","11366","2019-04-15 08:00:02"
"1388","O4NB73HTlxI","3955561","32607","286846","5021","2019-04-15 08:00:03"
"1389","VVRcXtSjPcE","284178","1124","4964","102","2019-04-15 08:00:03"
"1390","adzYW5DZoWs","21868893","79626","481610","62303","2019-04-15 08:00:04"
"1391","R6YCfVe4eR0","1641307","5675","46254","256","2019-04-15 08:00:04"
"1392","p_8yK2kmxoo","2619811","11064","139479","1443","2019-04-15 08:00:05"
"1393","g7itQNVeFB4","597649","4204","20592","1285","2019-04-15 08:00:06"
"1394","BJzJtm7OfdQ","812555","5854","57968","852","2019-04-15 08:00:06"
"1395","qOkZiVlQHMs","796192","1691","18331","228","2019-04-15 08:00:06"
"1396","I47_jCtfYlE","1277459","5050","15210","459","2019-04-15 08:00:07"
"1397","5jDsPkPjVK4","585141","3470","25559","908","2019-04-15 08:00:08"
"1398","C4_UntN6O2A","776944","3002","31206","426","2019-04-15 08:00:08"
"1399","CikXQvz57ZU","407157","782","8773","229","2019-04-15 08:00:08"
"1400","a5vg_Yi42Ok","1450596","3893","37575","1429","2019-04-15 08:00:09"
"1401","h3P5Hrblbe0","248245","487","15380","53","2019-04-15 08:00:09"
"1402","VSPuRXkUWoU","1629996","9093","243977","482","2019-04-15 08:00:10"
"1403","AJKDh52Ehac","230645","1070","6858","151","2019-04-15 08:00:11"
"1404","2x8guH7hsgc","2174161","32178","38348","27129","2019-04-15 08:00:11"
"1405","KMwuyXQcWfI","570427","1002","6950","190","2019-04-15 08:00:11"
"1406","AFWIu243KY8","230225","469","1506","136","2019-04-15 08:00:12"
"1407","u5jugGl_pu0","646635","3378","59514","153","2019-04-15 08:00:12"
"1408","kOd19ljsklQ","2503184","10756","118051","982","2019-04-15 08:00:13"
"1409","_aHE8lgalJU","178270","6434","20975","69","2019-04-15 08:00:13"
"1410","6gfh2UfcJFw","382095","1478","19731","189","2019-04-15 08:00:14"
"1411","zKfmiAYiC-M","1610040","4841","25291","1396","2019-04-15 08:00:15"
"1412","04WYGo4rfdw","954765","2019","15413","574","2019-04-15 08:00:15"
"1413","QuderoyWqII","6799317","40936","328100","11043","2019-04-15 08:00:16"
"1414","nKh_yq627WM","560904","7650","48973","362","2019-04-15 08:00:16"
"1415","XsX3ATc3FbA","130259561","2763582","8083405","339715","2019-04-15 08:00:17"
"1416","mWkP7esvuiw","1112907","1824","14586","257","2019-04-15 08:00:17"
"1417","zIG2yCvG3TI","305618","678","2164","200","2019-04-15 08:00:18"
"1418","-9txATEWXTQ","7177702","36602","414158","13119","2019-04-15 08:00:18"
"1419","DfggRtdOiTE","885993","2783","5420","222","2019-04-15 08:00:19"
"1420","t0t9dul8bOw","1236603","4674","27986","965","2019-04-15 08:00:19"
"1421","O8CCQopoCAE","553672","4441","41383","436","2019-04-15 08:00:20"
"1422","pY8O7-mpdUk","1230522","3779","10785","2009","2019-04-15 08:00:20"
"1423","BPExj-3kaAc","853048","7932","30072","442","2019-04-15 08:00:20"
"1424","TW-kag5GG9s","653493","2843","22648","523","2019-04-15 08:00:21"
"1425","zaWyIKas2Ww","241572","542","1419","50","2019-04-15 08:00:21"
"1426","uv9kDcbJLi8","964118","2616","53676","1001","2019-04-15 08:00:22"
"1427","f2AuCmxtOSA","414372","2166","21459","340","2019-04-15 08:00:22"
"1428","81UpjkAuHJM","351077","647","6149","274","2019-04-15 08:00:23"
"1429","NJo8CjVpIEw","900722","2452","7972","1195","2019-04-15 08:00:23"
"1430","NbhiGb_pZ-g","2265461","14695","124144","1883","2019-04-15 08:00:24"
"1431","HkdPYRxYMdc","1457628","6385","56902","1866","2019-04-15 08:00:24"
"1432","f5bJ5acwZtI","2047730","19297","213855","4344","2019-04-15 08:00:25"
"1433","LLR0jg7Xu9M","641792","538","12160","162","2019-04-15 08:00:25"
"1434","0flfyCjIh8M","965010","2545","20243","362","2019-04-15 08:00:26"
"1435","QaZ93sibpk0","21543887","51803","548041","38374","2019-04-15 08:00:26"
"1436","mQ2fJ_aM_T0","1261176","5823","53737","637","2019-04-15 08:00:27"
"1437","26EivpCPHnQ","2882625","21048","130903","1315","2019-04-15 08:00:28"
"1438","cKiX2rUB6sY","523648","3584","35395","1045","2019-04-15 08:00:28"
"1439","IdzY6lcCiCM","706271","2835","24449","267","2019-04-15 08:00:29"
"1440","MdVTBGEuxhM","914356","2070","31956","712","2019-04-15 08:00:29"
"1441","bQ3gBKDa8RY","1314770","1896","35046","474","2019-04-15 08:00:30"
"1442","_cdt2CLalhA","609580","1892","17691","3432","2019-04-15 08:00:30"
"1443","SR5kfWXfxto","7045106","34545","224975","3473","2019-04-15 08:00:31"
"1444","ZEWGyyLiqY4","812928","1595","20338","536","2019-04-15 08:00:31"
"1445","OzUXonhJo3Y","1794507","4379","43504","1158","2019-04-15 08:00:32"
"1446","QZsthdsh6yk","34683607","84884","715501","191220","2019-04-15 08:00:32"
"1447","r7CWEE3ZAWs","6024906","25808","320693","12956","2019-04-15 08:00:33"
"1448","YSJlU2q58Bc","5697428","6389","190163","2532","2019-04-15 08:00:33"
"1449","550f3BEWEwQ","446609","517","5549","254","2019-04-15 08:00:34"
"1450","YPZ1f52jlm8","387433","828","18907","224","2019-04-15 08:00:35"
"1451","UoUeBLp5KlI","952804","3469","21445","839","2019-04-15 08:00:35"
"1452","LKtajrJUggU","543713","1103","9600","297","2019-04-15 08:00:36"
"1453","81UOofW82FY","9565071","16046","303065","2676","2019-04-15 08:00:37"
"1454","T4Q0pElKWY0","3363763","17690","235780","1239","2019-04-15 08:00:37"
"1455","8SGbIHoKewM","789487","1233","11652","516","2019-04-15 08:00:38"
"1456","198gzllaumo","13847499","15455","294754","6177","2019-04-15 08:00:38"
"1457","3_ZSwppz2ak","563042","2183","20286","413","2019-04-15 08:00:39"
"1458","7TavVZMewpY","23868859","45779","490698","20687","2019-04-15 08:00:39"
"1459","6cFAYjQw2CA","1874640","6729","29542","1121","2019-04-15 08:00:40"
"1460","5HoE9Tn5oug","1467042","4918","92452","559","2019-04-15 08:00:40"
"1461","Ms5yMta2p9A","2335394","7765","208152","1431","2019-04-15 08:00:41"
"1462","-ze37NCz5oI","926225","6091","36534","296","2019-04-15 08:00:41"
"1463","jjanTQjvkUM","397067","851","2851","230","2019-04-15 08:00:42"
"1464","kQ1xE4sK9Qk","1066587","1496","22984","455","2019-04-15 08:00:42"
"1465","iVn37ndpkIc","370488","1510","7551","165","2019-04-15 08:00:43"
"1466","KUaVjms6yyY","4871905","14861","247232","4369","2019-04-15 08:00:43"
"1467","RQOhAeNAjKc","894943","4124","38173","468","2019-04-15 08:00:43"
"1468","Kb1a3OSVjXk","1705694","1398","40100","520","2019-04-15 08:00:44"
"1469","nyU2mFp3ru0","191174","418","3126","102","2019-04-15 08:00:44"
"1470","pAoEHR4aW8I","4920403","16012","134094","3789","2019-04-15 08:00:45"
"1471","S_GVbuddri8","5144804","24262","212369","2666","2019-04-15 08:00:45"
"1472","D3nT0piQDgA","1216268","5544","68909","3179","2019-04-15 08:00:46"
"1473","29Uy9z0lzcw","1401324","7420","55152","2188","2019-04-15 08:00:46"
"1474","15odjKT7MPA","790891","1393","6212","193","2019-04-15 08:00:47"
"1475","u8tdT5pAE34","7340453","50436","535232","2869","2019-04-15 08:00:47"
"1476","17A_wsy6WX0","2420909","17559","249332","7538","2019-04-15 08:00:47"
"1477","W_VzAap2vl0","1213023","5955","14765","1335","2019-04-15 08:00:48"
"1478","tV1S5mKN_b8","920889","4158","32490","1105","2019-04-15 08:00:48"
"1479","HUsIcK1a4B0","5185929","12027","263233","2808","2019-04-15 08:00:49"
"1480","z5MCMhXSdQM","642501","1379","4736","277","2019-04-15 08:00:49"
"1481","AkK_n5Q8M38","1068824","3736","34093","1158","2019-04-15 08:00:50"
"1482","LL2jKGvyC8Y","200953","763","1739","71","2019-04-15 08:00:50"
"1483","m1MewpFNBdc","1923280","8836","182236","1558","2019-04-15 08:00:51"
"1484","ECdQ6OV-rkU","2229544","4188","60263","526","2019-04-15 08:00:51"